outbreak_reference,start_date,end_date,state,county,county_code
176205,2025-12-12,,wisconsin,dane,55025
170836,2025-09-08,,nebraska,lancaster,31109
170834,2025-03-18,,california,sacramento,6067
170835,2025-07-21,,california,sacramento,6067
170833,2024-03-31,,texas,dallam,48111
156393,2025-03-24,,idaho,ada,16001
161984,2025-06-18,,arizona,maricopa,4013
161961,2025-07-15,,california,sacramento,6067
161960,2025-07-01,,california,sacramento,6067
160173,2025-05-27,,california,sacramento,6067
160172,2025-04-30,,arizona,maricopa,4013
158620,2024-03-28,,texas,dallam,48111
158620,2024-03-28,,texas,dallam,48111
158619,2024-03-24,,texas,hartley,48205
158618,2025-04-17,,arizona,maricopa,4013
158616,2025-03-11,,california,sacramento,6067
158617,2025-03-17,,nevada,churchill,32001
156726,2025-03-06,,arizona,maricopa,4013
156724,2025-02-17,,nevada,churchill,32001
156723,2025-02-15,,nevada,churchill,32001
156387,2025-04-01,,california,sacramento,6067
156381,2025-03-04,,california,sacramento,6067
156389,2025-04-15,,california,sacramento,6067
156388,2025-04-08,,california,sacramento,6067
156383,2025-03-25,,california,sacramento,6067
156328,2024-12-09,,california,sacramento,6067
156379,2025-01-14,,california,sacramento,6067
156380,2025-02-24,,california,sacramento,6067
156385,2025-04-01,,california,sacramento,6067
154420,2025-03-18,,california,sacramento,6067
154419,2025-03-18,,california,sacramento,6067
154418,2025-03-17,,idaho,gooding,16047
154417,2025-03-17,,idaho,gooding,16047
154416,2025-03-17,,idaho,gooding,16047
153658,2025-03-13,,idaho,gooding,16047
153657,2025-03-13,,idaho,gooding,16047
153656,2025-03-13,,idaho,gooding,16047
153655,2025-03-11,,california,sacramento,6067
153095,2025-03-03,,idaho,gooding,16047
153094,2025-03-03,,idaho,gooding,16047
153092,2025-03-04,,california,sacramento,6067
153091,2025-03-04,,california,sacramento,6067
153090,2025-03-04,,california,sacramento,6067
153089,2025-02-26,,california,sacramento,6067
153088,2025-02-01,,nevada,churchill,32001
153087,2025-02-02,,nevada,churchill,32001
152633,2025-02-26,,california,sacramento,6067
152632,2025-02-23,,idaho,gooding,16047
151889,2024-12-13,,california,sacramento,6067
151884,2025-02-02,,nevada,churchill,32001
151165,2025-01-27,,arizona,maricopa,4013
151159,2025-02-04,,california,sacramento,6067
151158,2024-12-10,,california,sacramento,6067
150849,2025-01-21,,california,sacramento,6067
150848,2025-01-08,,california,sacramento,6067
150847,2024-12-26,,california,sacramento,6067
150846,2025-01-07,,california,sacramento,6067
150845,2025-01-06,,california,sacramento,6067
150844,2024-10-29,,california,sacramento,6067
150843,2024-12-30,,california,sacramento,6067
149865,2025-01-27,,nevada,churchill,32001
149864,2025-01-27,,nevada,churchill,32001
149863,2025-01-06,,nevada,churchill,32001
149862,2025-01-25,,nevada,churchill,32001
149861,2025-01-28,,california,sacramento,6067
149860,2025-01-14,,california,sacramento,6067
149859,2024-12-15,,california,sacramento,6067
149857,2024-11-11,,california,sacramento,6067
149856,2024-10-28,,california,sacramento,6067
148625,2025-01-21,,california,sacramento,6067
148366,2025-01-13,,california,sacramento,6067
148365,2025-01-21,,california,sacramento,6067
148364,2025-01-25,,california,sacramento,6067
148363,2025-01-15,,california,sacramento,6067
148362,2025-01-06,,california,sacramento,6067
148361,2025-01-07,,california,sacramento,6067
148360,2025-01-07,,california,sacramento,6067
148359,2024-12-09,,california,sacramento,6067
148358,2024-12-03,,california,sacramento,6067
148357,2024-12-05,,california,sacramento,6067
148356,2024-12-01,,california,sacramento,6067
148355,2024-12-03,,california,sacramento,6067
147875,2025-01-14,,california,sacramento,6067
147874,2025-01-13,,california,sacramento,6067
147873,2025-01-08,,california,sacramento,6067
147872,2025-01-07,,california,sacramento,6067
147871,2025-01-08,,california,sacramento,6067
147870,2025-01-08,,california,sacramento,6067
147868,2025-01-08,,california,sacramento,6067
147867,2024-12-09,,california,sacramento,6067
147270,2025-01-06,,california,sacramento,6067
147269,2025-01-07,,california,sacramento,6067
147268,2024-12-12,,california,sacramento,6067
147267,2024-10-30,,california,sacramento,6067
147266,2024-12-31,,california,sacramento,6067
147265,2024-12-31,,california,sacramento,6067
147262,2024-12-31,,california,sacramento,6067
147261,2024-12-31,,california,sacramento,6067
146849,2024-12-30,,california,sacramento,6067
146848,2024-12-30,,california,sacramento,6067
146847,2024-12-30,,california,sacramento,6067
146846,2024-12-25,,california,sacramento,6067
146845,2024-12-24,,california,sacramento,6067
146844,2024-12-27,,california,sacramento,6067
146206,2024-11-26,,california,sacramento,6067
146205,2024-12-23,,california,sacramento,6067
146204,2024-12-23,,california,sacramento,6067
146203,2024-12-23,,california,sacramento,6067
146202,2024-12-19,,california,sacramento,6067
146201,2024-12-01,,california,sacramento,6067
146200,2024-12-16,,california,sacramento,6067
146199,2024-12-16,,california,sacramento,6067
146198,2024-12-01,,california,sacramento,6067
146197,2024-12-16,,california,sacramento,6067
146196,2024-12-01,,california,sacramento,6067
146195,2024-12-16,,california,sacramento,6067
146194,2024-12-16,,california,sacramento,6067
146193,2024-11-20,,california,sacramento,6067
146192,2024-12-17,,california,sacramento,6067
146191,2024-11-27,,california,sacramento,6067
146190,2024-12-11,,california,sacramento,6067
146189,2024-12-11,,california,sacramento,6067
146188,2024-12-05,,california,sacramento,6067
146187,2024-11-04,,california,sacramento,6067
146186,2024-10-14,,california,sacramento,6067
145997,2024-12-15,,california,sacramento,6067
145996,2024-12-16,,california,sacramento,6067
145995,2024-12-17,,california,sacramento,6067
145994,2024-12-18,,california,sacramento,6067
145993,2024-12-18,,california,sacramento,6067
145992,2024-12-18,,california,sacramento,6067
145991,2023-12-31,,california,sacramento,6067
145990,2024-12-17,,california,sacramento,6067
145989,2024-12-17,,california,sacramento,6067
145988,2024-12-17,,california,sacramento,6067
145987,2024-12-17,,california,sacramento,6067
145986,2024-12-17,,california,sacramento,6067
145985,2024-11-27,,california,sacramento,6067
145984,2024-12-16,,california,sacramento,6067
145983,2024-12-05,,california,sacramento,6067
145982,2024-12-11,,california,sacramento,6067
145981,2024-12-11,,california,sacramento,6067
145980,2024-12-11,,california,sacramento,6067
145979,2024-12-11,,california,sacramento,6067
145978,2024-12-11,,california,sacramento,6067
145977,2024-12-01,,california,sacramento,6067
145976,2024-12-11,,california,sacramento,6067
145975,2024-12-07,,california,sacramento,6067
145974,2024-12-06,,california,sacramento,6067
145973,2024-11-20,,california,sacramento,6067
145972,2024-10-03,,california,sacramento,6067
145715,2024-12-12,,texas,deaf smith,48117
145712,2024-12-09,,california,sacramento,6067
145711,2024-12-11,,california,sacramento,6067
145708,2024-12-11,,california,sacramento,6067
145707,2024-12-11,,california,sacramento,6067
145706,2024-12-11,,california,sacramento,6067
145705,2024-12-10,,california,sacramento,6067
145704,2024-12-12,,california,sacramento,6067
145703,2024-12-04,,california,sacramento,6067
145701,2024-11-27,,california,sacramento,6067
145699,2024-12-10,,california,sacramento,6067
145696,2024-12-10,,california,sacramento,6067
145694,2024-11-30,,california,sacramento,6067
145693,2024-12-10,,california,sacramento,6067
145691,2024-12-09,,california,sacramento,6067
145689,2024-12-09,,california,sacramento,6067
145677,2024-12-09,,california,sacramento,6067
145676,2024-12-09,,california,sacramento,6067
145675,2024-12-09,,california,sacramento,6067
145672,2024-12-09,,california,sacramento,6067
145669,2024-12-09,,california,sacramento,6067
145667,2024-12-04,,california,sacramento,6067
145666,2024-12-04,,california,sacramento,6067
145665,2024-12-03,,california,sacramento,6067
145662,2024-12-04,,california,sacramento,6067
145661,2024-12-04,,california,sacramento,6067
145659,2024-10-28,,california,sacramento,6067
145190,2024-12-04,,california,sacramento,6067
145189,2023-12-03,,california,sacramento,6067
145188,2024-12-03,,california,sacramento,6067
145187,2024-12-03,,california,sacramento,6067
145186,2024-12-03,,california,sacramento,6067
145185,2024-12-03,,california,sacramento,6067
145184,2024-12-05,,california,sacramento,6067
145183,2024-12-03,,california,sacramento,6067
145182,2024-12-04,,california,sacramento,6067
145181,2024-12-03,,california,sacramento,6067
145180,2024-12-03,,california,sacramento,6067
145179,2024-12-04,,california,sacramento,6067
145178,2024-12-03,,california,sacramento,6067
145177,2024-12-03,,california,sacramento,6067
145176,2024-12-04,,california,sacramento,6067
145175,2024-12-01,,california,sacramento,6067
145174,2024-12-03,,california,sacramento,6067
145173,2024-12-03,,california,sacramento,6067
145172,2024-12-03,,california,sacramento,6067
145171,2024-12-03,,california,sacramento,6067
145170,2024-12-05,,california,sacramento,6067
145169,2024-12-03,,california,sacramento,6067
145168,2024-12-03,,california,sacramento,6067
145167,2024-12-03,,california,sacramento,6067
145166,2024-12-03,,california,sacramento,6067
145165,2024-12-03,,california,sacramento,6067
145164,2024-12-03,,california,sacramento,6067
145163,2024-12-03,,california,sacramento,6067
145162,2024-12-03,,california,sacramento,6067
145160,2024-12-01,,california,sacramento,6067
145159,2024-12-03,,california,sacramento,6067
145158,2024-12-03,,california,sacramento,6067
145157,2024-12-03,,california,sacramento,6067
145156,2024-12-03,,california,sacramento,6067
145155,2024-12-03,,california,sacramento,6067
145154,2024-12-04,,california,sacramento,6067
145153,2024-12-03,,california,sacramento,6067
145152,2024-11-26,,california,sacramento,6067
145151,2024-12-04,,california,sacramento,6067
145150,2024-12-03,,california,sacramento,6067
145149,2024-12-04,,california,sacramento,6067
145148,2024-12-04,,california,sacramento,6067
145147,2024-12-04,,california,sacramento,6067
145146,2024-12-04,,california,sacramento,6067
145145,2024-12-04,,california,sacramento,6067
145144,2024-12-04,,california,sacramento,6067
145143,2024-12-04,,california,sacramento,6067
145142,2024-12-04,,california,sacramento,6067
145141,2024-12-04,,california,sacramento,6067
145140,2024-12-04,,california,sacramento,6067
145139,2024-12-04,,california,sacramento,6067
145138,2024-12-04,,california,sacramento,6067
145137,2024-12-04,,california,sacramento,6067
145136,2024-11-30,,california,sacramento,6067
145135,2024-12-02,,california,sacramento,6067
145134,2023-12-04,,california,sacramento,6067
145133,2024-12-04,,california,sacramento,6067
145132,2024-11-30,,california,sacramento,6067
145131,2024-12-04,,california,sacramento,6067
145130,2024-12-04,,california,sacramento,6067
145129,2024-12-04,,california,sacramento,6067
145128,2024-12-04,,california,sacramento,6067
145127,2024-12-04,,california,sacramento,6067
145126,2024-11-28,,california,sacramento,6067
145124,2024-12-03,,california,sacramento,6067
145122,2024-11-29,,california,sacramento,6067
145121,2024-11-25,,california,sacramento,6067
145120,2024-11-22,,california,sacramento,6067
145119,2024-12-03,,california,sacramento,6067
145118,2024-12-03,,california,sacramento,6067
145114,2024-12-03,,california,sacramento,6067
145113,2024-12-02,,california,sacramento,6067
145111,2024-11-30,,california,sacramento,6067
145110,2024-11-29,,california,sacramento,6067
145106,2024-11-23,,california,sacramento,6067
145105,2024-12-04,,california,sacramento,6067
145104,2024-11-25,,california,sacramento,6067
145103,2024-11-23,,california,sacramento,6067
145102,2024-12-04,,california,sacramento,6067
145100,2024-11-29,,california,sacramento,6067
145099,2024-12-01,,california,sacramento,6067
145097,2024-12-04,,california,sacramento,6067
145096,2024-12-04,,california,sacramento,6067
145095,2024-12-04,,california,sacramento,6067
145094,2024-12-04,,california,sacramento,6067
145093,2024-12-04,,california,sacramento,6067
145092,2024-12-04,,california,sacramento,6067
145091,2024-12-03,,california,sacramento,6067
145090,2024-12-04,,california,sacramento,6067
145089,2024-12-04,,california,sacramento,6067
145088,2024-12-04,,california,sacramento,6067
145087,2024-12-04,,california,sacramento,6067
145086,2024-12-04,,california,sacramento,6067
145085,2024-12-04,,california,sacramento,6067
145083,2024-12-06,,california,sacramento,6067
145082,2024-12-04,,california,sacramento,6067
145081,2024-12-04,,california,sacramento,6067
145080,2024-12-04,,california,sacramento,6067
145079,2024-12-04,,california,sacramento,6067
145078,2024-12-04,,california,sacramento,6067
145077,2024-12-04,,california,sacramento,6067
145075,2024-12-04,,california,sacramento,6067
145074,2024-12-04,,california,sacramento,6067
145073,2024-12-04,,california,sacramento,6067
145072,2024-11-26,,california,sacramento,6067
145071,2024-12-02,,california,sacramento,6067
145070,2024-12-02,,california,sacramento,6067
145069,2024-12-02,,california,sacramento,6067
145067,2024-12-02,,california,sacramento,6067
145066,2024-12-02,,california,sacramento,6067
145065,2024-12-02,,california,sacramento,6067
145064,2024-12-02,,california,sacramento,6067
145063,2024-12-02,,california,sacramento,6067
145062,2024-12-02,,california,sacramento,6067
145061,2024-12-02,,california,sacramento,6067
145060,2024-12-02,,california,sacramento,6067
145059,2024-12-02,,california,sacramento,6067
145058,2024-12-02,,california,sacramento,6067
145056,2024-12-02,,california,sacramento,6067
145055,2024-11-21,,california,sacramento,6067
145037,2024-12-02,,nevada,nye,32023
144541,2024-11-26,,california,sacramento,6067
144540,2024-11-26,,california,sacramento,6067
144539,2024-11-26,,california,sacramento,6067
144538,2024-11-26,,california,sacramento,6067
144537,2024-11-26,,california,sacramento,6067
144536,2024-11-21,,california,sacramento,6067
144535,2024-11-26,,california,sacramento,6067
144534,2024-11-26,,california,sacramento,6067
144533,2024-11-26,,california,sacramento,6067
144532,2024-11-26,,california,sacramento,6067
144531,2024-11-26,,california,sacramento,6067
144530,2024-11-26,,california,sacramento,6067
144529,2024-11-26,,california,sacramento,6067
144528,2024-11-26,,california,sacramento,6067
144527,2024-11-26,,california,sacramento,6067
144526,2024-11-26,,california,sacramento,6067
144525,2024-11-26,,california,sacramento,6067
144524,2024-11-26,,california,sacramento,6067
144523,2024-11-26,,california,sacramento,6067
144522,2024-11-26,,california,sacramento,6067
144521,2024-11-26,,california,sacramento,6067
144520,2024-11-26,,california,sacramento,6067
144519,2024-11-26,,california,sacramento,6067
144518,2024-11-26,,california,sacramento,6067
144517,2024-11-20,,california,sacramento,6067
144516,2024-11-25,,california,sacramento,6067
144515,2024-11-25,,california,sacramento,6067
144514,2024-11-25,,california,sacramento,6067
144513,2024-11-20,,california,sacramento,6067
144512,2024-11-20,,california,sacramento,6067
144511,2024-11-20,,california,sacramento,6067
144510,2024-11-20,,california,sacramento,6067
144509,2024-11-20,,california,sacramento,6067
144508,2024-11-20,,california,sacramento,6067
144507,2024-11-20,,california,sacramento,6067
144506,2024-11-20,,california,sacramento,6067
144505,2024-11-20,,california,sacramento,6067
144504,2024-11-20,,california,sacramento,6067
144503,2024-11-20,,california,sacramento,6067
144502,2024-11-20,,california,sacramento,6067
144501,2024-10-28,,california,sacramento,6067
144500,2024-10-18,,california,sacramento,6067
144166,2024-11-19,,california,sacramento,6067
144165,2024-11-18,,california,sacramento,6067
144164,2024-11-18,,california,sacramento,6067
144163,2024-11-02,,california,sacramento,6067
144162,2024-11-03,,california,sacramento,6067
144161,2024-11-18,,california,sacramento,6067
144160,2024-11-18,,california,sacramento,6067
144159,2024-11-18,,california,sacramento,6067
144158,2024-11-20,,california,sacramento,6067
144157,2024-11-20,,california,sacramento,6067
144156,2024-11-20,,california,sacramento,6067
144155,2024-11-20,,california,sacramento,6067
144154,2024-11-20,,california,sacramento,6067
144153,2024-11-20,,california,sacramento,6067
144152,2024-11-20,,california,sacramento,6067
144151,2024-11-20,,california,sacramento,6067
144150,2024-11-20,,california,sacramento,6067
144149,2024-11-20,,california,sacramento,6067
144148,2024-11-20,,california,sacramento,6067
144147,2024-11-20,,california,sacramento,6067
144146,2024-11-20,,california,sacramento,6067
144145,2024-11-20,,california,sacramento,6067
144144,2024-11-20,,california,sacramento,6067
144143,2024-11-20,,california,sacramento,6067
144142,2024-11-20,,california,sacramento,6067
144141,2024-11-20,,california,sacramento,6067
144140,2024-11-20,,california,sacramento,6067
144139,2024-11-19,,california,sacramento,6067
144138,2024-11-19,,california,sacramento,6067
144137,2024-11-19,,california,sacramento,6067
144136,2024-11-19,,california,sacramento,6067
144135,2024-11-19,,california,sacramento,6067
144134,2024-11-19,,california,sacramento,6067
144133,2024-11-19,,california,sacramento,6067
144132,2024-11-19,,california,sacramento,6067
144131,2024-11-19,,california,sacramento,6067
144130,2024-11-19,,california,sacramento,6067
144129,2024-11-11,,california,sacramento,6067
144128,2024-11-13,,california,sacramento,6067
144127,2024-11-18,,california,sacramento,6067
144126,2024-11-11,,california,sacramento,6067
144125,2024-11-18,,california,sacramento,6067
144124,2024-11-18,,california,sacramento,6067
144123,2024-11-18,,california,sacramento,6067
144122,2024-11-18,,california,sacramento,6067
144121,2024-11-18,,california,sacramento,6067
144120,2024-11-18,,california,sacramento,6067
144119,2024-11-18,,california,sacramento,6067
144118,2024-11-18,,california,sacramento,6067
144117,2024-11-18,,california,sacramento,6067
144116,2024-11-12,,california,sacramento,6067
144115,2024-11-12,,california,sacramento,6067
144114,2024-11-11,,california,sacramento,6067
144113,2024-11-04,,california,sacramento,6067
144112,2024-11-04,,california,sacramento,6067
144111,2024-11-04,,california,sacramento,6067
144110,2024-10-30,,california,sacramento,6067
144109,2024-11-04,,california,sacramento,6067
144108,2024-09-18,,california,sacramento,6067
144106,2024-11-05,,california,sacramento,6067
144105,2024-10-29,,california,sacramento,6067
143864,2024-11-13,,california,sacramento,6067
143862,2024-11-13,,california,sacramento,6067
143861,2024-11-07,,california,sacramento,6067
143860,2024-11-10,,california,sacramento,6067
143858,2024-11-13,,california,sacramento,6067
143857,2024-11-12,,california,sacramento,6067
143855,2024-11-12,,california,sacramento,6067
143854,2024-11-12,,california,sacramento,6067
143852,2024-11-13,,california,sacramento,6067
143851,2024-11-12,,california,sacramento,6067
143849,2024-11-12,,california,sacramento,6067
143848,2024-11-12,,california,sacramento,6067
143847,2024-11-12,,california,sacramento,6067
143845,2024-11-12,,california,sacramento,6067
143844,2024-11-10,,california,sacramento,6067
143843,2024-11-11,,california,sacramento,6067
143841,2024-11-11,,california,sacramento,6067
143840,2024-11-10,,california,sacramento,6067
143839,2024-11-11,,california,sacramento,6067
143838,2024-11-10,,california,sacramento,6067
143837,2024-11-10,,california,sacramento,6067
143835,2024-11-11,,california,sacramento,6067
143834,2024-11-11,,california,sacramento,6067
143833,2024-11-10,,california,sacramento,6067
143832,2024-11-11,,california,sacramento,6067
143830,2024-11-11,,california,sacramento,6067
143829,2024-11-11,,california,sacramento,6067
143828,2024-11-11,,california,sacramento,6067
143827,2024-11-15,,california,sacramento,6067
143826,2024-11-12,,california,sacramento,6067
143825,2024-11-11,,california,sacramento,6067
143824,2024-11-11,,california,sacramento,6067
143823,2024-11-11,,california,sacramento,6067
143822,2024-11-11,,california,sacramento,6067
143820,2024-11-10,,california,sacramento,6067
143819,2024-11-11,,california,sacramento,6067
143818,2024-11-10,,california,sacramento,6067
143817,2024-11-10,,california,sacramento,6067
143816,2024-11-11,,california,sacramento,6067
143815,2024-11-10,,california,sacramento,6067
143813,2024-11-10,,california,sacramento,6067
143812,2024-11-11,,california,sacramento,6067
143811,2024-11-10,,california,sacramento,6067
143808,2024-11-12,,california,sacramento,6067
143807,2024-11-03,,california,sacramento,6067
143806,2024-11-03,,california,sacramento,6067
143805,2024-11-03,,california,sacramento,6067
143802,2024-11-04,,california,sacramento,6067
143801,2024-11-03,,california,sacramento,6067
143800,2024-11-03,,california,sacramento,6067
143799,2024-11-03,,california,sacramento,6067
143797,2024-11-03,,california,sacramento,6067
143795,2024-11-04,,california,sacramento,6067
143794,2024-11-06,,california,sacramento,6067
143793,2024-11-06,,california,sacramento,6067
143792,2024-11-05,,california,sacramento,6067
143791,2024-11-05,,california,sacramento,6067
143790,2024-11-06,,california,sacramento,6067
143789,2024-10-28,,california,sacramento,6067
143788,2024-11-04,,california,sacramento,6067
143787,2024-11-03,,california,sacramento,6067
143786,2024-11-04,,california,sacramento,6067
143785,2024-10-28,,california,sacramento,6067
143783,2024-11-03,,california,sacramento,6067
143781,2024-11-03,,california,sacramento,6067
143779,2024-11-03,,california,sacramento,6067
143778,2024-11-04,,california,sacramento,6067
143777,2024-10-29,,california,sacramento,6067
143776,2024-10-30,,california,sacramento,6067
143775,2024-10-28,,california,sacramento,6067
143774,2024-10-28,,california,sacramento,6067
143773,2024-10-28,,california,sacramento,6067
143772,2024-10-28,,california,sacramento,6067
143771,2024-10-28,,california,sacramento,6067
143770,2024-10-28,,california,sacramento,6067
143769,2024-10-28,,california,sacramento,6067
143768,2024-10-28,,california,sacramento,6067
143767,2024-10-24,,california,sacramento,6067
143766,2024-10-28,,california,sacramento,6067
143765,2024-10-21,,california,sacramento,6067
143763,2024-10-28,,california,sacramento,6067
143762,2024-10-28,,california,sacramento,6067
143761,2024-10-28,,california,sacramento,6067
143760,2024-10-26,,california,sacramento,6067
143759,2024-10-28,,california,sacramento,6067
143758,2024-01-28,,california,sacramento,6067
143757,2024-10-28,,california,sacramento,6067
143756,2024-10-28,,california,sacramento,6067
143755,2024-10-28,,california,sacramento,6067
143754,2024-10-28,,california,sacramento,6067
143753,2024-10-27,,california,sacramento,6067
143752,2024-10-21,,california,sacramento,6067
143751,2024-10-27,,california,sacramento,6067
143750,2024-10-27,,california,sacramento,6067
143749,2024-10-18,,california,sacramento,6067
143748,2024-10-27,,california,sacramento,6067
143747,2024-10-27,,california,sacramento,6067
143746,2024-10-26,,california,sacramento,6067
143745,2024-10-27,,california,sacramento,6067
143744,2024-10-27,,california,sacramento,6067
143743,2024-10-27,,california,sacramento,6067
143741,2024-10-27,,california,sacramento,6067
143739,2024-10-22,,california,sacramento,6067
143738,2024-10-28,,california,sacramento,6067
143687,2024-10-28,,california,sacramento,6067
143686,2024-10-01,,california,sacramento,6067
143194,2024-10-28,,california,sacramento,6067
143193,2024-10-28,,california,sacramento,6067
143192,2024-10-28,,california,sacramento,6067
143191,2024-10-28,,california,sacramento,6067
143190,2024-10-28,,california,sacramento,6067
143189,2024-10-28,,california,sacramento,6067
143188,2024-10-28,,california,sacramento,6067
143187,2024-10-28,,california,sacramento,6067
143186,2024-10-28,,california,sacramento,6067
143185,2024-10-28,,california,sacramento,6067
143184,2024-10-28,,california,sacramento,6067
143183,2024-10-28,,california,sacramento,6067
143182,2024-10-28,,california,sacramento,6067
143181,2024-10-28,,california,sacramento,6067
143180,2024-10-28,,california,sacramento,6067
143179,2024-10-28,,california,sacramento,6067
143178,2024-10-28,,california,sacramento,6067
143177,2024-10-28,,california,sacramento,6067
143176,2024-10-28,,california,sacramento,6067
143175,2024-10-28,,california,sacramento,6067
143174,2024-10-28,,california,sacramento,6067
143173,2024-10-28,,california,sacramento,6067
143172,2024-10-28,,california,sacramento,6067
143171,2024-10-28,,california,sacramento,6067
143170,2024-10-28,,california,sacramento,6067
143169,2024-10-28,,california,sacramento,6067
143168,2024-10-28,,california,sacramento,6067
143166,2024-10-14,,california,sacramento,6067
143165,2024-10-28,,california,sacramento,6067
143164,2024-10-27,,california,sacramento,6067
143163,2024-10-28,,california,sacramento,6067
143152,2024-10-28,,california,sacramento,6067
143151,2024-10-28,,california,sacramento,6067
143150,2024-10-28,,california,sacramento,6067
143149,2024-10-28,,california,sacramento,6067
143148,2024-10-26,,california,sacramento,6067
143147,2024-10-28,,california,sacramento,6067
143146,2024-10-28,,california,sacramento,6067
143145,2024-10-28,,california,sacramento,6067
143144,2024-10-27,,california,sacramento,6067
143143,2024-10-28,,california,sacramento,6067
143142,2024-10-28,,california,sacramento,6067
143141,2024-10-18,,california,sacramento,6067
143140,2024-10-28,,california,sacramento,6067
143139,2024-10-28,,california,sacramento,6067
143138,2024-10-28,,california,sacramento,6067
143137,2024-10-25,,california,sacramento,6067
143136,2024-10-23,,california,sacramento,6067
143135,2024-10-21,,california,sacramento,6067
143134,2024-10-22,,california,sacramento,6067
143133,2024-10-18,,california,sacramento,6067
143132,2024-10-15,,california,sacramento,6067
143131,2024-10-21,,california,sacramento,6067
143130,2024-10-21,,california,sacramento,6067
143129,2024-10-15,,california,sacramento,6067
143128,2024-10-14,,california,sacramento,6067
142976,2024-11-04,,utah,cache,49005
142975,2024-11-04,,utah,cache,49005
142974,2024-11-04,,utah,cache,49005
142973,2024-11-01,,utah,cache,49005
142570,2024-10-30,,california,sacramento,6067
142569,2024-10-30,,california,sacramento,6067
142568,2024-10-28,,california,sacramento,6067
142567,2024-10-28,,california,sacramento,6067
142566,2024-10-23,,california,sacramento,6067
142565,2024-10-24,,california,sacramento,6067
142564,2024-10-24,,california,sacramento,6067
142563,2024-10-24,,california,sacramento,6067
142562,2024-10-24,,california,sacramento,6067
142561,2024-10-28,,california,sacramento,6067
142560,2024-10-28,,california,sacramento,6067
142559,2024-10-28,,california,sacramento,6067
142558,2024-10-21,,california,sacramento,6067
142557,2024-10-28,,california,sacramento,6067
142556,2024-10-21,,california,sacramento,6067
142555,2024-10-21,,california,sacramento,6067
142554,2024-10-21,,california,sacramento,6067
142553,2024-10-21,,california,sacramento,6067
142552,2024-10-28,,california,sacramento,6067
142551,2024-10-21,,california,sacramento,6067
142550,2024-10-21,,california,sacramento,6067
142549,2024-10-21,,california,sacramento,6067
142548,2024-10-21,,california,sacramento,6067
142547,2024-10-21,,california,sacramento,6067
142546,2024-10-21,,california,sacramento,6067
142545,2024-10-21,,california,sacramento,6067
142544,2024-10-15,,california,sacramento,6067
142543,2024-10-17,,california,sacramento,6067
142542,2024-10-25,,california,sacramento,6067
142541,2024-10-24,,california,sacramento,6067
142540,2024-10-21,,california,sacramento,6067
142539,2024-10-22,,california,sacramento,6067
142538,2024-10-18,,california,sacramento,6067
142537,2024-10-31,,utah,cache,49005
137954,2024-07-15,,texas,erath,48143
139945,2024-05-22,,texas,erath,48143
139947,2024-05-21,,texas,erath,48143
142388,2024-10-24,,utah,cache,49005
142387,2024-10-24,,utah,cache,49005
142386,2024-10-24,,utah,cache,49005
142385,2024-10-24,,utah,cache,49005
142384,2024-10-24,,utah,cache,49005
142383,2024-10-24,,utah,cache,49005
142382,2024-10-24,,utah,cache,49005
142381,2024-10-24,,utah,cache,49005
142124,2024-10-24,,california,sacramento,6067
142123,2024-10-24,,california,sacramento,6067
142121,2024-10-21,,california,sacramento,6067
142120,2024-10-21,,california,sacramento,6067
142119,2024-10-21,,california,sacramento,6067
142118,2024-10-21,,california,sacramento,6067
142116,2024-10-21,,california,sacramento,6067
142115,2024-10-21,,california,sacramento,6067
142114,2024-10-21,,california,sacramento,6067
142113,2024-10-21,,california,sacramento,6067
142112,2024-10-21,,california,sacramento,6067
142111,2024-10-22,,california,sacramento,6067
142110,2024-10-21,,california,sacramento,6067
142109,2024-10-21,,california,sacramento,6067
142108,2024-10-18,,california,sacramento,6067
142107,2024-10-22,,california,sacramento,6067
142106,2024-10-21,,california,sacramento,6067
142105,2024-10-21,,california,sacramento,6067
142104,2024-10-21,,california,sacramento,6067
142103,2024-10-18,,california,sacramento,6067
142102,2024-10-18,,california,sacramento,6067
142101,2024-10-17,,california,sacramento,6067
142100,2024-10-18,,california,sacramento,6067
142099,2024-10-18,,california,sacramento,6067
142098,2024-10-17,,california,sacramento,6067
142097,2024-10-18,,california,sacramento,6067
142096,2024-10-17,,california,sacramento,6067
142095,2024-10-17,,california,sacramento,6067
142094,2024-10-17,,california,sacramento,6067
142093,2024-10-16,,california,sacramento,6067
142092,2024-10-16,,california,sacramento,6067
142091,2024-10-14,,california,sacramento,6067
142090,2024-10-06,,california,sacramento,6067
142089,2024-10-15,,california,sacramento,6067
142088,2024-10-15,,california,sacramento,6067
142087,2024-10-16,,california,sacramento,6067
142086,2024-10-16,,california,sacramento,6067
142085,2024-10-17,,california,sacramento,6067
142084,2024-10-16,,california,sacramento,6067
142083,2024-10-16,,california,sacramento,6067
142082,2024-10-16,,california,sacramento,6067
142081,2024-10-16,,california,sacramento,6067
142080,2024-10-15,,california,sacramento,6067
142079,2024-10-12,,california,sacramento,6067
142078,2024-10-14,,california,sacramento,6067
142077,2024-10-14,,california,sacramento,6067
142076,2024-01-14,,california,sacramento,6067
142075,2024-10-14,,california,sacramento,6067
142074,2024-10-14,,california,sacramento,6067
142073,2024-10-14,,california,sacramento,6067
142072,2024-10-14,,california,sacramento,6067
142071,2024-10-14,,california,sacramento,6067
142070,2024-10-12,,california,sacramento,6067
142069,2024-10-14,,california,sacramento,6067
142068,2024-10-14,,california,sacramento,6067
142067,2024-10-14,,california,sacramento,6067
142066,2024-10-14,,california,sacramento,6067
142065,2024-10-14,,california,sacramento,6067
142064,2024-10-14,,california,sacramento,6067
142063,2024-10-14,,california,sacramento,6067
142062,2024-10-14,,california,sacramento,6067
142061,2024-10-16,,california,sacramento,6067
142060,2024-10-14,,california,sacramento,6067
142059,2024-10-10,,california,sacramento,6067
142058,2024-09-28,,california,sacramento,6067
142057,2024-10-01,,california,sacramento,6067
141620,2024-10-21,,idaho,twin falls,16083
141619,2024-10-17,,idaho,canyon,16027
141327,2024-10-08,,california,sacramento,6067
141590,2024-10-16,,california,sacramento,6067
141589,2024-10-16,,california,sacramento,6067
141588,2024-10-14,,california,sacramento,6067
141587,2024-10-14,,california,sacramento,6067
141586,2024-10-10,,california,sacramento,6067
141585,2024-10-10,,california,sacramento,6067
141584,2024-10-09,,california,sacramento,6067
141583,2024-10-09,,california,sacramento,6067
141582,2024-10-09,,california,sacramento,6067
141581,2024-10-09,,california,sacramento,6067
141580,2024-10-09,,california,sacramento,6067
141579,2024-10-07,,california,sacramento,6067
141577,2024-10-10,,california,sacramento,6067
141578,2024-10-10,,california,sacramento,6067
141576,2024-10-09,,california,sacramento,6067
141575,2024-10-09,,california,sacramento,6067
141574,2024-10-06,,california,sacramento,6067
141340,2024-10-06,,california,sacramento,6067
141339,2024-10-06,,california,sacramento,6067
141338,2024-10-09,,california,sacramento,6067
141337,2024-10-08,,california,sacramento,6067
141336,2024-10-08,,california,sacramento,6067
141335,2024-10-07,,california,sacramento,6067
141334,2024-10-08,,california,sacramento,6067
141332,2024-10-08,,california,sacramento,6067
141331,2024-10-08,,california,sacramento,6067
141330,2024-10-08,,california,sacramento,6067
141329,2024-10-07,,california,sacramento,6067
141328,2024-10-08,,california,sacramento,6067
141326,2024-10-07,,california,sacramento,6067
141325,2024-10-07,,california,sacramento,6067
141324,2024-10-01,,california,sacramento,6067
141323,2024-10-03,,california,sacramento,6067
141322,2023-10-08,,california,sacramento,6067
141321,2024-10-07,,california,sacramento,6067
141320,2024-10-07,,california,sacramento,6067
141319,2024-09-21,,california,sacramento,6067
141016,2024-09-30,,california,sacramento,6067
141055,2024-10-02,,california,sacramento,6067
141054,2024-10-02,,california,sacramento,6067
141053,2024-10-01,,california,sacramento,6067
141052,2024-10-01,,california,sacramento,6067
141051,2024-10-01,,california,sacramento,6067
141050,2024-10-02,,california,sacramento,6067
141049,2024-10-02,,california,sacramento,6067
141048,2024-10-02,,california,sacramento,6067
141047,2024-10-02,,california,sacramento,6067
141046,2024-10-02,,california,sacramento,6067
141045,2024-10-02,,california,sacramento,6067
141044,2024-10-02,,california,sacramento,6067
141043,2024-10-02,,california,sacramento,6067
141042,2024-10-02,,california,sacramento,6067
141041,2024-10-01,,california,sacramento,6067
141040,2024-10-01,,california,sacramento,6067
141039,2024-10-01,,california,sacramento,6067
141038,2024-10-01,,california,sacramento,6067
141030,2024-10-01,,california,sacramento,6067
141037,2024-10-01,,california,sacramento,6067
141036,2024-10-01,,california,sacramento,6067
141035,2024-10-01,,california,sacramento,6067
141034,2024-10-01,,california,sacramento,6067
141033,2024-10-01,,california,sacramento,6067
141032,2024-10-01,,california,sacramento,6067
141031,2024-10-02,,california,sacramento,6067
141029,2024-09-30,,california,sacramento,6067
141028,2024-09-30,,california,sacramento,6067
141027,2024-09-30,,california,sacramento,6067
141026,2024-09-30,,california,sacramento,6067
141025,2024-09-30,,california,sacramento,6067
141024,2024-09-30,,california,sacramento,6067
141023,2024-09-30,,california,sacramento,6067
141022,2024-09-30,,california,sacramento,6067
141021,2024-09-30,,california,sacramento,6067
141020,2024-09-30,,california,sacramento,6067
141019,2024-09-30,,california,sacramento,6067
141018,2024-09-30,,california,sacramento,6067
141017,2024-09-30,,california,sacramento,6067
141015,2024-09-28,,california,sacramento,6067
141014,2024-09-23,,california,sacramento,6067
141013,2024-09-29,,california,sacramento,6067
140624,2024-09-18,,california,sacramento,6067
140625,2024-09-23,,california,sacramento,6067
140627,2024-09-23,,california,sacramento,6067
140628,2024-09-23,,california,sacramento,6067
140629,2024-09-23,,california,sacramento,6067
140630,2024-09-23,,california,sacramento,6067
140631,2024-09-23,,california,sacramento,6067
140632,2024-09-23,,california,sacramento,6067
140633,2024-09-23,,california,sacramento,6067
140634,2024-09-23,,california,sacramento,6067
140639,2024-09-27,,california,sacramento,6067
140638,2024-09-26,,california,sacramento,6067
140637,2024-09-25,,california,sacramento,6067
140636,2024-09-24,,california,sacramento,6067
140635,2024-09-23,,california,sacramento,6067
140612,2024-09-27,,idaho,canyon,16027
140564,2024-09-08,,idaho,payette,16075
140269,2024-09-18,,california,sacramento,6067
140268,2024-09-18,,california,sacramento,6067
140267,2024-09-18,,california,sacramento,6067
140266,2024-09-18,,california,sacramento,6067
140265,2024-09-18,,california,sacramento,6067
140264,2024-09-18,,california,sacramento,6067
140263,2024-09-17,,california,sacramento,6067
140262,2024-09-17,,california,sacramento,6067
140261,2024-09-17,,california,sacramento,6067
140260,2024-09-17,,california,sacramento,6067
140259,2024-09-17,,california,sacramento,6067
140258,2024-09-17,,california,sacramento,6067
140257,2024-09-17,,california,sacramento,6067
140256,2024-09-17,,california,sacramento,6067
140255,2024-09-17,,california,sacramento,6067
140254,2024-09-17,,california,sacramento,6067
140253,2024-09-17,,california,sacramento,6067
140252,2024-09-15,,california,sacramento,6067
140251,2024-09-16,,california,sacramento,6067
140250,2024-09-17,,california,sacramento,6067
140245,2024-09-12,,california,sacramento,6067
140246,2024-09-16,,california,sacramento,6067
140247,2024-09-17,,california,sacramento,6067
140248,2024-09-16,,california,sacramento,6067
140249,2024-09-17,,california,sacramento,6067
139955,2024-09-12,,california,sacramento,6067
139954,2024-09-12,,california,sacramento,6067
139953,2024-09-11,,california,sacramento,6067
139952,2024-09-10,,california,sacramento,6067
139951,2024-09-12,,california,sacramento,6067
139950,2024-09-10,,california,sacramento,6067
139949,2024-09-09,,california,sacramento,6067
139948,2024-09-09,,california,sacramento,6067
139942,2024-09-04,,idaho,twin falls,16083
139500,2024-05-21,,michigan,clinton,26037
139499,2024-09-06,,california,sacramento,6067
139498,2024-09-06,,california,sacramento,6067
139416,2024-09-04,,california,sacramento,6067
139405,2024-09-02,,california,sacramento,6067
139400,2024-09-02,,california,sacramento,6067
139076,2024-04-22,,new mexico,roosevelt,35041
139075,2024-08-25,,california,sacramento,6067
139074,2024-08-15,,california,sacramento,6067
139062,2024-08-24,,california,sacramento,6067
138965,2024-08-19,,michigan,van buren,26159
137965,2024-07-05,,colorado,weld,8123
137959,2024-07-28,,colorado,weld,8123
137963,2024-07-29,,colorado,weld,8123
137964,2024-07-25,,colorado,larimer,8069
138473,2024-07-31,,colorado,broomfield,8014
137960,2024-07-29,,colorado,weld,8123
137961,2024-07-26,,colorado,weld,8123
138472,2024-07-16,,idaho,canyon,16027
137967,2024-07-01,,colorado,weld,8123
137966,2024-07-12,,colorado,larimer,8069
137962,2024-07-26,,colorado,weld,8123
137958,2024-07-29,,colorado,weld,8123
137957,2024-07-28,,colorado,weld,8123
137956,2024-07-29,,south dakota,hughes,46065
137955,2024-07-29,,south dakota,hughes,46065
137386,2024-07-19,,colorado,weld,8123
137173,2024-07-19,,colorado,larimer,8069
137749,2024-06-21,,colorado,weld,8123
136036,2024-06-24,,colorado,weld,8123
137572,2024-07-23,,texas,erath,48143
137571,2024-07-25,,michigan,van buren,26159
137388,2024-07-25,,colorado,weld,8123
135766,2024-06-19,,colorado,weld,8123
136037,2024-06-26,,colorado,weld,8123
137167,2024-07-09,,colorado,weld,8123
136969,2024-07-10,,colorado,morgan,8087
136966,2024-07-10,,colorado,weld,8123
137172,2024-07-17,,colorado,morgan,8087
137384,2024-07-16,,colorado,larimer,8069
135762,2024-06-14,,colorado,weld,8123
137174,2024-07-01,,minnesota,stearns,27145
137171,2024-07-15,,colorado,larimer,8069
137170,2024-07-14,,colorado,weld,8123
137169,2024-07-12,,colorado,weld,8123
137168,2024-07-14,,colorado,weld,8123
135757,2024-06-17,,colorado,weld,8123
135765,2024-06-20,,colorado,weld,8123
135550,2024-06-14,,colorado,weld,8123
135759,2024-06-17,,colorado,weld,8123
135758,2024-06-17,,colorado,weld,8123
136502,2024-07-02,,colorado,morgan,8087
136501,2024-07-01,,colorado,larimer,8069
136964,2024-07-09,,colorado,larimer,8069
136965,2024-07-09,,colorado,weld,8123
136967,2024-07-10,,colorado,larimer,8069
136968,2024-07-11,,colorado,weld,8123
135546,2024-06-10,,colorado,weld,8123
136962,2024-07-05,,colorado,weld,8123
136959,2024-07-04,,colorado,weld,8123
136960,2024-07-05,,colorado,weld,8123
136971,2024-07-12,,colorado,weld,8123
136963,2024-07-03,,colorado,weld,8123
136961,2024-06-22,,colorado,weld,8123
136958,2024-07-03,,new york,erie,36029
136919,2024-04-19,,oklahoma,oklahoma,40109
136918,2024-07-01,,texas,erath,48143
136917,2024-07-09,,idaho,gooding,16047
136916,2024-06-27,,idaho,canyon,16027
136915,2024-06-28,,minnesota,benton,27009
136914,2024-06-21,,iowa,sioux,19167
135545,2024-06-10,,colorado,weld,8123
135760,2024-06-17,,colorado,weld,8123
136034,2024-06-24,,colorado,weld,8123
136033,2024-06-24,,colorado,weld,8123
136035,2024-06-24,,colorado,weld,8123
135536,2024-06-13,,iowa,sioux,19167
136504,2024-06-17,,colorado,weld,8123
136503,2024-05-31,,michigan,gratiot,26057
136500,2024-06-20,,minnesota,benton,27009
134124,2024-04-08,,michigan,ottawa,26139
135371,2024-05-25,,minnesota,sibley,27143
136032,2024-06-24,,iowa,sioux,19167
136031,2024-06-20,,iowa,sioux,19167
136028,2024-06-05,,idaho,twin falls,16083
135756,2024-06-14,,colorado,weld,8123
135141,2024-05-28,,texas,erath,48143
135539,2024-06-06,,texas,erath,48143
135540,2024-06-06,,texas,erath,48143
135764,2024-06-17,,colorado,morgan,8087
135763,2024-06-14,,colorado,weld,8123
135761,2024-06-13,,colorado,morgan,8087
134125,2024-04-10,,michigan,isabella,26073
135616,2024-06-13,,idaho,canyon,16027
135615,2024-06-19,,iowa,sioux,19167
135614,2024-06-18,,iowa,sioux,19167
135613,2024-06-18,,iowa,sioux,19167
135612,2024-06-11,,iowa,sioux,19167
135611,2024-06-14,,iowa,sioux,19167
135537,2024-05-28,,minnesota,kandiyohi,27067
135547,2024-06-11,,colorado,weld,8123
135541,2024-06-14,,minnesota,morrison,27097
135136,2024-05-14,,michigan,clinton,26037
133485,2024-03-20,,texas,hartley,48205
135538,2024-06-07,,minnesota,benton,27009
135548,2024-06-04,,colorado,weld,8123
135544,2024-06-11,,idaho,minidoka,16067
135543,2024-06-11,,idaho,owyhee,16073
135542,2024-06-11,,idaho,owyhee,16073
135535,2024-06-10,,iowa,plymouth,19149
135534,2024-06-10,,iowa,sioux,19167
135493,2024-05-15,,colorado,morgan,8087
135492,2024-05-23,,michigan,clinton,26037
135377,2024-05-25,,wyoming,albany,56001
135373,2024-05-30,,idaho,canyon,16027
135376,2024-06-06,,idaho,payette,16075
135375,2024-06-03,,idaho,franklin,16041
135374,2024-06-05,,idaho,payette,16075
135372,2024-06-04,,minnesota,lincoln,27081
135370,2024-05-30,,minnesota,benton,27009
135340,2024-06-06,,iowa,sioux,19167
135335,2024-05-31,,iowa,o'brien,19141
135152,2024-04-08,,texas,randall,48381
135151,2024-05-27,,idaho,jerome,16053
135150,2024-05-27,,idaho,twin falls,16083
135149,2024-05-23,,idaho,cassia,16031
135147,2024-05-27,,idaho,twin falls,16083
135146,2024-05-27,,idaho,gooding,16047
135145,2024-05-27,,idaho,twin falls,16083
135144,2024-05-27,,idaho,twin falls,16083
135143,2024-05-27,,idaho,cassia,16031
135142,2024-05-27,,idaho,twin falls,16083
135140,2024-05-24,,texas,comanche,48093
135139,2024-04-30,,texas,erath,48143
135138,2024-05-22,,south dakota,hughes,46065
135137,2024-05-02,,michigan,ottawa,26139
135135,2024-05-18,,michigan,clinton,26037
135134,2024-05-20,,michigan,calhoun,26025
134997,2024-05-19,,south dakota,hughes,46065
134996,2024-05-14,,south dakota,hughes,46065
134995,2024-05-17,,south dakota,hughes,46065
133750,2024-03-25,,texas,dallam,48111
133962,2024-03-15,,texas,dallam,48111
134784,2024-05-13,,texas,hale,48189
134994,2024-05-17,,colorado,weld,8123
134993,2024-05-17,,colorado,weld,8123
134992,2024-05-20,,texas,lamb,48279
134991,2024-05-20,,idaho,cassia,16031
134990,2024-05-01,,michigan,ionia,26067
134989,2024-04-13,,michigan,gratiot,26057
134988,2024-05-01,,michigan,clinton,26037
134987,2024-05-09,,michigan,gratiot,26057
134986,2024-04-30,,michigan,ionia,26067
134783,2024-05-13,,michigan,gratiot,26057
134787,2024-05-17,,idaho,cassia,16031
134786,2024-05-15,,idaho,cassia,16031
134785,2024-05-11,,idaho,minidoka,16067
134663,2024-05-08,,idaho,jerome,16053
134662,2024-05-05,,idaho,jerome,16053
134661,2024-05-04,,michigan,gratiot,26057
134660,2024-05-06,,michigan,clinton,26037
134659,2024-04-30,,michigan,allegan,26005
134658,2024-04-30,,michigan,ingham,26065
134657,2024-04-20,,texas,lamb,48279
134529,2024-04-06,,michigan,barry,26015
134533,2024-04-21,,colorado,broomfield,8014
134532,2024-04-29,,michigan,gratiot,26057
134531,2024-04-26,,michigan,isabella,26073
134530,2024-04-21,,michigan,ionia,26067
134528,2024-04-21,,idaho,cassia,16031
134123,2024-04-11,,michigan,ionia,26067
133965,2024-04-04,2024-05-03,north carolina,wake,37183
134390,2024-04-21,,colorado,broomfield,8014
134389,2024-03-20,,new mexico,curry,35009
134388,2024-03-21,,new mexico,curry,35009
134221,2024-03-23,,texas,lamb,48279
134222,2024-04-07,,michigan,ionia,26067
134223,2024-04-01,,idaho,cassia,16031
134126,2024-03-22,,kansas,stevens,20189
134128,2024-04-02,,new mexico,curry,35009
133957,2024-03-27,,ohio,wood,39173
133742,2024-03-16,,new mexico,curry,35009
133967,2024-04-01,,new mexico,curry,35009
134129,2024-04-03,,texas,hartley,48205
133964,2024-03-29,,south dakota,brown,46013
133966,2024-03-14,,texas,hale,48189
133963,2024-03-10,,texas,castro,48069
133961,2024-04-01,,new mexico,curry,35009
133960,2024-03-29,,new mexico,curry,35009
133959,2024-03-28,,new mexico,curry,35009
133958,2024-03-30,,michigan,montcalm,26117
133490,2024-03-21,,kansas,seward,20175
133743,2024-03-20,,kansas,kearny,20093
133741,2024-03-25,,kansas,gray,20069
133746,2024-03-14,,texas,moore,48341
133747,2024-03-21,,texas,lamb,48279
133748,2024-03-11,,texas,hale,48189
133749,2024-03-17,,texas,dallam,48111
133786,2024-03-13,,idaho,cassia,16031
133740,2024-03-20,,michigan,montcalm,26117
133744,2024-03-13,,texas,castro,48069
