report_number,outbreak_reference,start_date,end_date,state,county,latitude,longitude
147271,mi 031 - missaukee county,2024/12/19,,michigan,missaukee,44.334,-85.213
147270,ca 722 - central valley  california,2025/01/06,,california,sacramento,38.62,-121.287
147269,ca 725 - central valley  california,2025/01/07,,california,sacramento,38.619,-121.269
147268,ca 723 - central valley california,2024/12/12,,california,sacramento,38.62,-121.288
147267,ca 721 - central valley  california,2024/10/30,,california,sacramento,38.62,-121.286
147266,ca 720 - central valley  california,2024/12/31,,california,sacramento,38.62,-121.287
147265,ca 719 - central valley  california,2024/12/31,,california,sacramento,38.62,-121.284
147262,ca 718 - central valley california,2024/12/31,,california,sacramento,38.62,-121.283
147261,ca 717 - central valley  california,2024/12/31,,california,sacramento,38.62,-121.282
146849,ca 716 - central valley  california,2024/12/30,,california,sacramento,38.62,-121.281
146847,ca 714 - central valley california,2024/12/30,,california,sacramento,38.62,-121.279
146845,ca 711 - central valley california,2024/12/24,,california,sacramento,38.62,-121.277
146206,ca 710 - central valley  california,2024/11/26,,california,sacramento,38.62,-121.275
146205,ca 709 - central valley  california,2024/12/23,,california,sacramento,38.62,-121.274
146204,ca 708 - central valley  california,2024/12/23,,california,sacramento,38.62,-121.273
146202,ca 706 - central valley  california,2024/12/19,,california,sacramento,38.62,-121.272
146200,ca 703 - central valley  california,2024/12/16,,california,sacramento,38.62,-121.268
146198,ca 700 - central valley  california,2024/12/01,,california,sacramento,38.621,-121.286
146196,ca 694 - central valley  california,2024/12/01,,california,sacramento,38.621,-121.28
146194,ca 692 - central valley  california,2024/12/16,,california,sacramento,38.621,-121.278
146192,ca 683 - central valley  california,2024/12/17,,california,sacramento,38.621,-121.269
146190,ca 676 - central valley  california,2024/12/11,,california,sacramento,38.622,-121.283
146188,ca 637 - central valley  california,2024/12/05,,california,sacramento,38.624,-121.286
146186,ca 336 - central valley  california,2024/10/14,,california,sacramento,38.588,-121.325
145720,cache county,2024/10/30,,utah,cache,41.734,-111.837
145996,ca 701 - central valley california,2024/12/16,,california,sacramento,38.621,-121.287
145994,ca 697 - central valley california,2024/12/18,,california,sacramento,38.621,-121.283
145992,ca 691 - central valley california,2024/12/18,,california,sacramento,38.621,-121.277
145990,ca 688 - central valley california,2024/12/17,,california,sacramento,38.621,-121.274
145988,ca 686 - central valley california,2024/12/17,,california,sacramento,38.621,-121.272
145986,ca 684 - central valley california,2024/12/17,,california,sacramento,38.621,-121.27
145984,ca 680 - central valley california,2024/12/16,,california,sacramento,38.622,-121.287
145982,ca 678 - central valley california,2024/12/11,,california,sacramento,38.622,-121.285
145980,ca 675 - central valley california,2024/12/11,,california,sacramento,38.622,-121.282
145978,ca 673 - central valley california,2024/12/11,,california,sacramento,38.622,-121.28
145976,ca 670 - central valley california,2024/12/11,,california,sacramento,38.622,-121.277
145974,ca 668 - central valley california,2024/12/06,,california,sacramento,38.622,-121.275
145717,north slope borough,2024/10/10,,alaska,north slope,71.292,-156.785
145715,tx 027 - deaf smith county,2024/12/12,,texas,deaf smith,34.818,-102.398
145711,ca 666 - central valley california,2024/12/11,,california,sacramento,38.622,-121.273
145707,ca 664 - central valley california,2024/12/11,,california,sacramento,38.622,-121.271
145705,ca 662 - central valley california,2024/12/10,,california,sacramento,38.622,-121.269
145703,ca 660 - central valley california,2024/12/04,,california,sacramento,38.623,-121.288
145699,ca 658 - central valley calfornia,2024/12/10,,california,sacramento,38.623,-121.286
145694,ca 654 - central valley california,2024/11/30,,california,sacramento,38.623,-121.282
145691,ca 652 - central valley california,2024/12/09,,california,sacramento,38.623,-121.281
145677,ca 649 - central valley california,2024/12/09,,california,sacramento,38.623,-121.277
145675,ca 646 - central valley california,2024/12/09,,california,sacramento,38.623,-121.274
145669,ca 642 - central valley california,2024/12/09,,california,sacramento,38.623,-121.27
145666,ca 639 - central valley california,2024/12/04,,california,sacramento,38.624,-121.288
145662,ca 539 - central valley california,2024/12/04,,california,sacramento,38.628,-121.272
145190,ca 589 - central valley  california,2024/12/04,,california,sacramento,38.626,-121.28
145188,ca 650 - central valley california,2024/12/03,,california,sacramento,38.623,-121.278
145186,ca 636 - central valley california,2024/12/03,,california,sacramento,38.624,-121.285
145184,ca 634 - central valley california,2024/12/05,,california,sacramento,38.624,-121.283
145182,ca 632 - central valley california,2024/12/04,,california,sacramento,38.624,-121.283
145180,ca 630 - central valley california,2024/12/03,,california,sacramento,38.624,-121.279
145178,ca 628 - central valley california,2024/12/03,,california,sacramento,38.624,-121.277
145176,ca 626 - central valley california,2024/12/04,,california,sacramento,38.624,-121.273
145174,ca 624 - central valley california,2024/12/03,,california,sacramento,38.624,-121.273
145172,ca 622 - central valley california,2024/12/03,,california,sacramento,38.624,-121.271
145170,ca 620 - central valley california,2024/12/05,,california,sacramento,38.624,-121.269
145168,ca 618 - central valley california,2024/12/03,,california,sacramento,38.625,-121.288
145166,ca 616 - central valley california,2024/12/03,,california,sacramento,38.625,-121.286
145164,ca 614 - central valley california,2024/12/03,,california,sacramento,38.625,-121.284
145162,ca 612 - central valley california,2024/12/03,,california,sacramento,38.625,-121.282
145159,ca 609 - central valley california,2024/12/03,,california,sacramento,38.625,-121.279
145157,ca 607 - central valley california,2024/12/03,,california,sacramento,38.625,-121.277
145155,ca 605 - central valley california,2024/12/03,,california,sacramento,38.625,-121.275
145153,ca 600 - central valley california,2024/12/03,,california,sacramento,38.625,-121.27
145151,ca 598 - central valley california,2024/12/04,,california,sacramento,38.625,-121.268
145149,ca 596 - central valley california,2024/12/04,,california,sacramento,38.626,-121.287
145147,ca 594 - central valley california,2024/12/04,,california,sacramento,38.626,-121.285
145145,ca 592 - central valley california,2024/12/04,,california,sacramento,38.626,-121.283
145143,ca 590 - central valley california,2024/12/04,,california,sacramento,38.626,-121.281
145141,ca 587 - central valley california,2024/12/04,,california,sacramento,38.626,-121.278
145139,ca 585 - central valley california,2024/12/04,,california,sacramento,38.626,-121.276
145137,ca 583 - central valley california,2024/12/04,,california,sacramento,38.626,-121.274
145135,ca 581 - central valley california,2024/12/02,,california,sacramento,38.626,-121.272
145133,ca 579 - central valley california,2024/12/04,,california,sacramento,38.626,-121.27
145131,ca 577 - central valley california,2024/12/04,,california,sacramento,38.626,-121.268
145129,ca 575 - central valley california,2024/12/04,,california,sacramento,38.627,-121.287
145127,ca 573 - central valley california,2024/12/04,,california,sacramento,38.627,-121.285
145124,ca 571 - central valley california,2024/12/03,,california,sacramento,38.627,-121.283
145121,ca 569 - central valley california,2024/11/25,,california,sacramento,38.627,-121.281
145119,ca 566 - central valley california,2024/12/03,,california,sacramento,38.627,-121.278
145114,ca 564 - central valley california,2024/12/03,,california,sacramento,38.627,-121.275
145111,ca 562 - central valley california,2024/11/30,,california,sacramento,38.627,-121.274
145106,ca 560 - central valley california,2024/11/23,,california,sacramento,38.627,-121.272
145104,ca 558 - central valley california,2024/11/25,,california,sacramento,38.627,-121.27
145102,ca 556 - central valley california,2024/12/04,,california,sacramento,38.627,-121.268
145099,ca 553 - central valley california,2024/12/01,,california,sacramento,38.628,-121.286
145096,ca 551 - central valley california,2024/12/04,,california,sacramento,38.628,-121.284
145094,ca 549 - central valley california,2024/12/04,,california,sacramento,38.628,-121.282
145092,ca 547 - central valley california,2024/12/04,,california,sacramento,38.628,-121.28
145090,ca 545 - central valley california,2024/12/04,,california,sacramento,38.628,-121.278
145088,ca 543 - central valley california,2024/12/04,,california,sacramento,38.628,-121.276
145086,ca 541 - central valley california,2024/12/04,,california,sacramento,38.628,-121.274
145083,ca 538 - central valley california,2024/12/06,,california,sacramento,38.628,-121.271
145081,ca 536 - central valley california,2024/12/04,,california,sacramento,38.628,-121.269
145079,ca 534 - central valley california,2024/12/04,,california,sacramento,38.629,-121.288
145077,ca 532 - central valley california,2024/12/04,,california,sacramento,38.629,-121.286
145074,ca 530 - central valley california,2024/12/04,,california,sacramento,38.629,-121.284
145072,ca 528 - central valley california,2024/11/26,,california,sacramento,38.629,-121.282
145070,ca 526 - central valley california,2024/12/02,,california,sacramento,38.629,-121.28
145067,ca 524 - central valley california,2024/12/02,,california,sacramento,38.629,-121.278
145065,ca 522 - central valley california,2024/12/02,,california,sacramento,38.629,-121.2761
145063,ca 520 - central valley california,2024/12/02,,california,sacramento,38.629,-121.274
145061,ca 518 - central valley california,2024/12/02,,california,sacramento,38.629,-121.272
145059,ca 516 - central valley california,2024/12/02,,california,sacramento,38.629,-121.27
145056,ca 514 - central valley california,2024/12/02,,california,sacramento,38.629,-121.268
145037,nv 001 - nye county,2024/12/02,,nevada,nye,36.221,-115.987
144540,ca 512 - central valley california,2024/11/26,,california,sacramento,38.63,-121.287
144538,ca 510 - central valley california,2024/11/26,,california,sacramento,38.63,-121.285
144536,ca 508 - central valley california,2024/11/21,,california,sacramento,38.63,-121.283
144534,ca 506 - central valley california,2024/11/26,,california,sacramento,38.63,-121.281
144532,ca 504 - central valley california,2024/11/26,,california,sacramento,38.63,-121.279
144530,ca 502 - central valley california,2024/11/26,,california,sacramento,38.63,-121.277
144528,ca 500 - central valley california,2024/11/26,,california,sacramento,38.63,-121.275
144526,ca 498 - central valley california,2024/11/26,,california,sacramento,38.63,-121.273
144524,ca 496 - central valley california,2024/11/26,,california,sacramento,38.63,-121.271
144522,ca 494 - central valley california,2024/11/26,,california,sacramento,38.63,-121.269
144520,ca 492 - central valley california,2024/11/26,,california,sacramento,38.631,-121.288
144518,ca 490 - central valley california,2024/11/26,,california,sacramento,38.631,-121.285
144516,ca 488 - central valley california,2024/11/25,,california,sacramento,38.631,-121.284
144514,ca 486 - central valley california,2024/11/25,,california,sacramento,38.631,-121.282
144512,ca 483 - central valley california,2024/11/20,,california,sacramento,38.631,-121.279
144510,ca 481 - central valley california,2024/11/20,,california,sacramento,38.631,-121.277
144508,ca 478 - central valley california,2024/11/20,,california,sacramento,38.631,-121.274
144506,ca 476 - central valley california,2024/11/20,,california,sacramento,38.631,-121.272
144504,ca 474 - central valley california,2024/11/20,,california,sacramento,38.361,-121.27
144502,ca 472 - central valley california,2024/11/20,,california,sacramento,38.631,-121.268
144500,ca 240 - central valley california,2024/10/18,,california,sacramento,38.599,-121.456
144165,ca 470 - central valley california,2024/11/18,,california,sacramento,38.584,-121.312
144163,ca 468 - central valley california,2024/11/02,,california,sacramento,38.586,-121.312
144161,ca 466 - central valley california,2024/11/18,,california,sacramento,38.588,-121.312
144159,ca 464 - central valley california,2024/11/18,,california,sacramento,38.59,-121.312
144157,ca 462 - central valley california,2024/11/20,,california,sacramento,38.592,-121.312
144155,ca 460 - central valley california,2024/11/20,,california,sacramento,38.584,-121.313
144153,ca 458 - central valley california,2024/11/20,,california,sacramento,38.586,-121.313
144151,ca 456 - central valley california,2024/11/20,,california,sacramento,38.588,-121.313
144149,ca 454 - central valley california,2024/11/20,,california,sacramento,38.59,-121.313
144147,ca 452 - central valley california,2024/11/20,,california,sacramento,38.592,-121.313
144145,ca 450 - central valley california,2024/11/20,,california,sacramento,38.584,-121.314
144143,ca 448 - central valley california,2024/11/20,,california,sacramento,38.586,-121.314
144141,ca 446 - central valley california,2024/11/20,,california,sacramento,38.588,-121.314
144139,ca 444 - central valley california,2024/11/19,,california,sacramento,38.59,-121.314
144137,ca 442 - central valley california,2024/11/19,,california,sacramento,38.5931,-121.314
144135,ca 440 - central valley california,2024/11/19,,california,sacramento,38.584,-121.315
144133,ca 438 - central valley california,2024/11/19,,california,sacramento,38.586,-121.315
144131,ca 436 - central valley california,2024/11/19,,california,sacramento,38.585,-121.315
144129,ca 433 - central valley california,2024/11/11,,california,sacramento,38.591,-121.315
144127,ca 431 - central valley california,2024/11/18,,california,sacramento,38.593,-121.315
144125,ca 429 - central valley california,2024/11/18,,california,sacramento,38.585,-121.316
144123,ca 427 - central valley california,2024/11/18,,california,sacramento,38.587,-121.316
144121,ca 425 - central valley california,2024/11/18,,california,sacramento,38.589,-121.316
144119,ca 423 - central valley california,2024/11/18,,california,sacramento,38.591,-121.316
144117,ca 421 - central valley california,2024/11/18,,california,sacramento,38.593,-121.316
144115,ca 404 - central valley california,2024/11/12,,california,sacramento,38.59,-121.318
144113,ca 373 - central valley california,2024/11/04,,california,sacramento,38.591,-121.321
144111,ca 363 - central valley california,2024/11/04,,california,sacramento,38.591,-121.322
144109,ca 358 - central valley california,2024/11/04,,california,sacramento,38.586,-121.323
144106,ca 028 - central valley california,2024/11/05,,california,sacramento,38.456,-121.41
143864,ca 434 - central valley california,2024/11/13,,california,sacramento,38.589,-121.315
143861,ca 418 - central valley california,2024/11/07,,california,sacramento,38.586,-121.317
143858,ca 416 - central valley california,2024/11/13,,california,sacramento,38.588,-121.317
143855,ca 414 - central valley california,2024/11/12,,california,sacramento,38.59,-121.317
143852,ca 412 - central valley california,2024/11/13,,california,sacramento,38.592,-121.317
143849,ca 409 - central valley california,2024/11/12,,california,sacramento,38.585,-121.318
143847,ca 407 - central valley california,2024/11/12,,california,sacramento,38.587,-121.318
143844,ca 405 - central valley california,2024/11/10,,california,sacramento,38.589,-121.318
143841,ca 401 - central valley california,2024/11/11,,california,sacramento,38.593,-121.318
143839,ca 399 - central valley california,2024/11/11,,california,sacramento,38.585,-121.319
143837,ca 397 - central valley california,2024/11/10,,california,sacramento,38.587,-121.319
143834,ca 395 - central valley california,2024/11/11,,california,sacramento,38.589,-121.319
143832,ca 393 - central valley california,2024/11/11,,california,sacramento,38.591,-121.319
143829,ca 391 - central valley california,2024/11/11,,california,sacramento,38.593,-121.319
143827,ca 389 - central valley california,2024/11/15,,california,sacramento,38.585,-121.32
143825,ca 387 - central valley california,2024/11/11,,california,sacramento,38.587,-121.32
143823,ca 385 - central valley california,2024/11/11,,california,sacramento,38.589,-121.32
143820,ca 383 - central valley california,2024/11/10,,california,sacramento,38.591,-121.32
143818,ca 381 - central valley california,2024/11/10,,california,sacramento,38.593,-121.32
143816,ca 379 - central valley california,2024/11/11,,california,sacramento,38.585,-121.321
143813,ca 377 - central valley california,2024/11/10,,california,sacramento,38.587,-121.321
143811,ca 375 - central valley california,2024/11/10,,california,sacramento,38.589,-121.321
143808,ca 372 - central valley california,2024/11/12,,california,sacramento,38.592,-121.321
143806,ca 368 - central valley california,2024/11/03,,california,sacramento,38.586,-121.322
143802,ca 366 - central valley california,2024/11/04,,california,sacramento,38.588,-121.322
143800,ca 362 - central valley california,2024/11/03,,california,sacramento,38.592,-121.322
143797,ca 360 - central valley california,2024/11/03,,california,sacramento,38.584,-121.323
143794,ca 357 - central valley california,2024/11/06,,california,sacramento,38.587,-121.323
143792,ca 355 - central valley california,2024/11/05,,california,sacramento,38.5891,-121.323
143790,ca 353 - central valley california,2024/11/06,,california,sacramento,38.591,-121.323
143788,ca 351 - central valley california,2024/11/04,,california,sacramento,38.593,-121.323
143786,ca 349 - central valley california,2024/11/04,,california,sacramento,38.585,-121.324
143783,ca 345 - central valley california,2024/11/03,,california,sacramento,38.589,-121.324
143779,ca 343 - central valley california,2024/11/03,,california,sacramento,38.591,-121.324
143777,ca 341 - central valley california,2024/10/29,,california,sacramento,38.593,-121.324
143775,ca 339 - central valley california,2024/10/28,,california,sacramento,38.585,-121.325
143773,ca 333 - central valley california,2024/10/28,,california,sacramento,38.591,-121.325
143771,ca 331 - central valley california,2024/10/28,,california,sacramento,38.593,-121.325
143769,ca 329 - central valley california,2024/10/28,,california,sacramento,38.585,-121.326
143767,ca 327 - central valley california,2024/10/24,,california,sacramento,38.587,-121.326
143765,ca 325 - central valley california,2024/10/21,,california,sacramento,38.589,-121.326
143762,ca 323 - central valley california,2024/10/28,,california,sacramento,38.591,-121.326
143760,ca 321 - central valley california,2024/10/26,,california,sacramento,38.593,-121.326
143758,ca 319 - central valley california,2024/10/28,,california,sacramento,38.585,-121.327
143756,ca 317 - central valley california,2024/10/28,,california,sacramento,38.587,-121.327
143754,ca 315 - central valley california,2024/10/28,,california,sacramento,38.589,-121.327
143752,ca 313 - central valley california,2024/10/21,,california,sacramento,38.591,-121.327
143750,ca 311 - central valley  california,2024/10/27,,california,sacramento,38.593,-121.327
143748,ca 309 - central valley california,2024/10/27,,california,sacramento,38.585,-121.328
143746,ca 307 - central valley california,2024/10/26,,california,sacramento,38.588,-121.328
143744,ca 305 - central valley california,2024/10/27,,california,sacramento,38.589,-121.328
143741,ca 303 - central valley california,2024/10/27,,california,sacramento,38.591,-121.328
143738,ca 301 - central valley  california,2024/10/28,,california,sacramento,38.593,-121.328
143686,ca 226 - central valley california,2024/10/01,,california,sacramento,38.598,-121.453
143193,ca 298 - central valley california,2024/10/28,,california,sacramento,38.601,-121.322
143191,ca 296 - central valley california,2024/10/28,,california,sacramento,38.601,-121.324
143189,ca 294 - central valley california,2024/10/28,2024/10/28,california,sacramento,38.601,-121.326
143187,ca 292 - central valley california,2024/10/28,,california,sacramento,38.602,-121.317
143185,ca 290 - central valley california,2024/10/28,,california,sacramento,38.602,-121.319
143183,ca 288 - central valley california,2024/10/28,,california,sacramento,38.602,-121.321
143181,ca 286 - central valley california,2024/10/28,,california,sacramento,38.602,-121.323
143179,ca 284 - central valley california,2024/10/28,,california,sacramento,38.602,-121.325
143177,ca 280 - central valley california,2024/10/28,,california,sacramento,38.602,-121.463
143175,ca 278 - central valley california,2024/10/28,,california,sacramento,38.602,-121.461
143173,ca 276 - central valley california,2024/10/28,,california,sacramento,38.602,-121.459
143171,ca 274 - central valley california,2024/10/28,,california,sacramento,38.602,-121.457
143169,ca 272 - central valley california,2024/10/28,,california,sacramento,38.602,-121.455
143167,ca 270 - central valley california,2024/10/28,,california,sacramento,38.602,-121.453
143165,ca 268 - central valley california,2024/10/28,,california,sacramento,38.601,-121.462
143163,ca 266 - central valley california,2024/10/28,,california,sacramento,38.601,-121.46
143151,ca 263 - central valley california,2024/10/28,,california,sacramento,38.601,-121.457
143149,ca 261 - central valley california,2024/10/28,,california,sacramento,38.601,-121.455
143147,ca 259 - central valley california,2024/10/28,,california,sacramento,38.601,-121.453
143145,ca 257 - central valley california,2024/10/28,,california,sacramento,38.6,-121.462
143143,ca 255 - central valley california,2024/10/28,,california,sacramento,38.6,-121.46
143141,ca 252 - central valley california,2024/10/18,,california,sacramento,38.6,-121.457
143139,ca 250 - central valley california,2024/10/28,,california,sacramento,38.6,-121.455
143137,ca 248 - central valley california,2024/10/25,,california,sacramento,38.6,-121.453
143135,ca 246 - central valley california,2024/10/21,,california,sacramento,38.599,-121.462
143133,ca 236 - central valley california,2024/10/18,,california,sacramento,38.598,-121.463
143131,ca 210 - central valley california,2024/10/21,,california,sacramento,38.596,-121.459
143129,ca 182 - central valley california,2024/10/15,,california,sacramento,38.594,-121.453
142976,ut 014 - cache county,2024/11/04,,utah,cache,41.727,-111.855
142974,ut 012 - cache county,2024/11/04,,utah,cache,41.729,-111.835
142570,ca 300 - central valley  california,2024/10/30,,california,sacramento,38.588,-121.453
142568,ca 244 - central valley california,2024/10/28,,california,sacramento,38.599,-121.46
142566,ca 242 - central valley california,2024/10/23,,california,sacramento,38.599,-121.458
142564,ca 239 - central valley california,2024/10/24,,california,sacramento,38.599,-121.455
142562,ca 237 - central valley california,2024/10/24,,california,sacramento,38.599,-121.453
142560,ca 234 - central valley california,2024/10/28,,california,sacramento,38.598,-121.461
142558,ca 232 - central valley california,2024/10/21,,california,sacramento,38.598,-121.459
142556,ca 230 - central valley caliornia,2024/10/21,,california,sacramento,38.598,-121.457
142554,ca 228 - central valley california,2024/10/21,,california,sacramento,38.5981,-121.455
142552,ca 224 - central valley california,2024/10/28,,california,sacramento,38.597,-121.462
142550,ca 222 - central valley california,2024/10/21,,california,sacramento,38.597,-121.46
142548,ca 220 - central valley california,2024/10/21,,california,sacramento,38.597,-121.458
142546,ca 218 - central valley california,2024/10/21,,california,sacramento,38.597,-121.456
142544,ca 216 - central valley california,2024/10/15,,california,sacramento,38.597,-121.453
142542,ca 214 - central valley california,2024/10/25,,california,sacramento,38.596,-121.463
142540,ca 212 - central valley california,2024/10/21,,california,sacramento,38.596,-121.461
142538,ca 180 - central valley california,2024/10/18,,california,sacramento,38.593,-121.462
137954,tx 024 - erath county,2024/07/15,,texas,erath,32.219,-98.203
139947,tx 026 - erath county,2024/05/21,,texas,erath,32.22,-98.201
142387,ut 008 - cache county,2024/10/24,,utah,cache,41.733,-111.835
142385,ut 006 - cache county,2024/10/24,,utah,cache,41.735,-111.835
142383,ut 004 - cache county,2024/10/24,,utah,cache,41.733,-111.836
142124,ca 209 - central valley california,2024/10/24,,california,sacramento,38.596,-121.458
142123,ca 208 - central valley  california,2024/10/24,,california,sacramento,38.596,-121.457
142120,ca 206 - central valley  california,2024/10/21,,california,sacramento,38.596,-121.455
142118,ca 203 - central valley  california,2024/10/21,,california,sacramento,38.595,-121.463
142115,ca 201 - central valley  california,2024/10/21,,california,sacramento,38.595,-121.461
142113,ca 199 - central valley  california,2024/10/21,,california,sacramento,38.595,-121.459
142111,ca 197 - central valley  california,2024/10/22,,california,sacramento,38.595,-121.458
142109,ca 195 - central valley  california,2024/10/21,,california,sacramento,38.595,-121.455
142107,ca 193 - central valley  california,2024/10/22,,california,sacramento,38.595,-121.455
142105,ca 191 - central valley  california,2024/10/21,,california,sacramento,38.594,-121.462
142103,ca 189 - central valley  california,2024/10/18,,california,sacramento,38.594,-121.46
142101,ca 187 - central valley  california,2024/10/17,,california,sacramento,38.594,-121.458
142099,ca 185 - central valley  california,2024/10/18,,california,sacramento,38.594,-121.456
142097,ca 183 - central valley  california,2024/10/18,,california,sacramento,38.594,-121.454
142095,ca 179 - central valley  california,2024/10/17,,california,sacramento,38.593,-121.461
142093,ca 176 - central valley  california,2024/10/16,,california,sacramento,38.593,-121.458
142091,ca 174 - central valley  california,2024/10/14,,california,sacramento,38.593,-121.455
142089,ca 172 - central valley  california,2024/10/15,,california,sacramento,38.593,-121.454
142087,ca 170 - central valley  california,2024/10/16,,california,sacramento,38.592,-121.463
142085,ca 168 - central valley  california,2024/10/17,,california,sacramento,38.592,-121.461
142083,ca 166 - central valley  california,2024/10/16,,california,sacramento,38.592,-121.459
142081,ca 164 - central valley  california,2024/10/16,,california,sacramento,38.592,-121.457
142079,ca 162 - central valley  california,2024/10/12,,california,sacramento,38.592,-121.455
142077,ca 158 - central valley  california,2024/10/14,,california,sacramento,38.591,-121.462
142075,ca 156 - central valley  california,2024/10/14,,california,sacramento,38.591,-121.46
142073,ca 154 - central valley  california,2024/10/14,,california,sacramento,38.591,-121.458
142072,ca 153 - central valley california,2024/10/14,,california,sacramento,38.591,-121.457
142070,ca 150 - central valley california,2024/10/12,,california,sacramento,38.591,-121.455
142068,ca 148 - central valley california,2024/10/14,,california,sacramento,38.59,-121.464
142066,ca 145 - central valley california,2024/10/14,,california,sacramento,38.59,-121.461
142064,ca 143 - central valley california,2024/10/14,,california,sacramento,38.59,-121.459
142062,ca 141 - central valley california,2024/10/14,,california,sacramento,38.59,-121.457
142060,ca 139 - central valley california,2024/10/14,,california,sacramento,38.59,-121.455
142058,ca 096 - central valley california,2024/09/28,2024/10/01,california,sacramento,38.547,-121.4
141620,id 038 - twin falls county,2024/10/21,,idaho,twin falls,42.565,-114.495
141327,ca 112 - central valley  california,2024/10/08,,california,sacramento,38.588,-121.459
141589,ca 160 - central valley california,2024/10/16,,california,sacramento,38.592,-121.453
141587,ca 147 - central valley california,2024/10/14,,california,sacramento,38.59,-121.463
141585,ca 137 - central valley california,2024/10/10,,california,sacramento,38.59,-121.453
141583,ca 135 - central valley california,2024/10/09,,california,sacramento,38.589,-121.462
141581,ca 133 - central valley california,2024/10/09,,california,sacramento,38.589,-121.46
141579,ca 131 - central valley california,2024/10/07,,california,sacramento,38.589,-121.458
141578,ca 130 - central valley califoria,2024/10/10,,california,sacramento,38.589,-121.457
141575,ca 126 - central valley california,2024/10/09,,california,sacramento,38.589,-121.453
141509,north slope borough,2024/09/23,,alaska,north slope,71.283,-156.768
141339,ca 125 - central valley california,2024/10/06,,california,sacramento,38.588,-121.472
141337,ca 123 - central valley california,2024/10/08,,california,sacramento,38.588,-121.47
141335,ca 121 - central valley california,2024/10/07,,california,sacramento,38.588,-121.468
141332,ca 119 - central valley california,2024/10/08,,california,sacramento,38.588,-121.464
141330,ca 115 - central valley california,2024/10/08,,california,sacramento,38.588,-121.462
141328,ca 113 - central valley california,2024/10/08,,california,sacramento,38.588,-121.46
141325,ca 110 - central valley california,2024/10/07,,california,sacramento,38.588,-121.457
141323,ca 108 - central valley california,2024/10/03,2024/10/03,california,sacramento,38.588,-121.455
141321,ca 105 - central valley california,2024/10/07,2024/10/07,california,sacramento,38.588,-121.452
141319,ca 054 - central valley california,2024/09/21,,california,sacramento,38.588,-121.45
141016,ca 062 - central valley california,2024/09/30,,california,sacramento,38.576,-121.49
141055,ca 103 - central valley  california,2024/10/02,,california,sacramento,38.578,-121.489
141054,ca 102 - central valley  california,2024/10/02,,california,sacramento,38.578,-121.488
141053,ca 101 - central valley california,2024/10/01,,california,sacramento,38.578,-121.487
141052,ca 100 - central valley  california,2024/10/01,,california,sacramento,38.577,-121.507
141051,ca 099 - central valley california,2024/10/01,,california,sacramento,38.577,-121.506
141050,ca 098 - central valley  california,2024/10/02,,california,sacramento,38.577,-121.505
141049,ca 097 - central valley california,2024/10/02,,california,sacramento,38.577,-121.504
141048,ca 095 - central valley  california,2024/10/02,,california,sacramento,38.577,-121.502
141047,ca 094 - central valley  california,2024/10/02,,california,sacramento,38.577,-121.501
141045,ca 091 - central valley california,2024/10/02,,california,sacramento,38.577,-121.498
141043,ca 089 - central valley california,2024/10/02,,california,sacramento,38.577,-121.496
141041,ca 087 - central valley california,2024/10/01,,california,sacramento,38.577,-121.494
141038,ca 084 - central valley  california,2024/10/01,,california,sacramento,38.577,-121.491
141037,ca 083 - central valley  california,2024/10/01,,california,sacramento,38.577,-121.49
141035,ca 081 - central valley  california,2024/10/01,,california,sacramento,38.577,-121.488
141034,ca 080 - central valley california,2024/10/01,,california,sacramento,38.577,-121.487
141032,ca 078 - central valley california,2024/10/01,,california,sacramento,38.576,-121.506
141029,ca 075 - central valley california,2024/09/30,,california,sacramento,38.576,-121.503
141027,ca 073 - central valley california,2024/09/30,,california,sacramento,38.576,-121.501
141025,ca 071 - central valley california,2024/09/30,,california,sacramento,38.576,-121.499
141023,ca 069 - central valley california,2024/09/30,,california,sacramento,38.576,-121.497
141021,ca 067 - central valley california,2024/09/30,,california,sacramento,38.576,-121.495
141019,ca 065 - central valley california,2024/09/30,,california,sacramento,38.576,-121.493
141017,ca 063 - central valley california,2024/09/30,,california,sacramento,38.576,-121.491
141014,ca 060 - central valley california,2024/09/23,,california,sacramento,38.576,-121.488
140624,ca 043 - central valley california,2024/09/18,,california,sacramento,38.581,-121.493
140627,ca 045 - central valley california,2024/09/23,,california,sacramento,38.581,-121.495
140629,ca 047 - central valley california,2024/09/23,,california,sacramento,38.581,-121.497
140631,ca 049 - central valley california,2024/09/23,,california,sacramento,38.581,-121.499
140633,ca 051 - central valley california,2024/09/23,,california,sacramento,38.581,-121.501
140639,ca 058 - central valley california,2024/09/27,,california,sacramento,38.581,-121.507
140637,ca 056 - central valley california,2024/09/25,,california,sacramento,38.581,-121.505
140635,ca 053 - central valley california,2024/09/23,,california,sacramento,38.581,-121.503
140564,id 035 - payette county,2024/09/08,,idaho,payette,44.078,-116.93
140268,ca 041 - central valley california,2024/09/18,,california,sacramento,38.577,-121.503
140266,ca 039 - central valley california,2024/09/18,,california,sacramento,38.575,-121.501
140264,ca 037 - central valley california,2024/09/18,,california,sacramento,38.575,-121.499
140262,ca 035 - central valley california,2024/09/17,,california,sacramento,38.575,-121.497
140260,ca 033 - central valley california,2024/09/17,,california,sacramento,38.575,-121.495
140258,ca 031 - central valley california,2024/09/17,,california,sacramento,38.575,-121.493
140256,ca 029 - central valley california,2024/09/17,,california,sacramento,38.575,-121.491
140254,ca 026 - central valley california,2024/09/17,,california,sacramento,38.575,-121.489
140252,ca 024 - central valley california,2024/09/15,2024/09/16,california,sacramento,38.577,-121.505
140250,ca 022 - central valley  california,2024/09/17,,california,sacramento,38.577,-121.503
140246,ca 018 - central valley california,2024/09/16,,california,sacramento,38.577,-121.499
140248,ca 020 - central valley california,2024/09/16,,california,sacramento,38.577,-121.501
139955,ca 017 - central valley california,2024/09/12,2024/09/12,california,sacramento,38.576,-121.506
139953,ca 014 - central valley california,2024/09/10,2024/09/11,california,sacramento,38.576,-121.503
139951,ca 012 - central valley california,2024/09/12,,california,sacramento,38.576,-121.501
139950,ca 011 - central valley  california,2024/09/10,,california,sacramento,38.576,-121.5
139949,ca 010 - central valley california,2024/09/09,,california,sacramento,38.576,-121.499
139948,ca 009 - central valley  california,2024/09/09,,california,sacramento,38.576,-121.498
139942,id 034 - twin falls county,2024/09/04,,idaho,twin falls,42.558,-114.466
139500,mi 029 - clinton county,2024/05/21,,michigan,clinton,43.0,-84.559
139499,ca 008 - central valley  california,2024/09/06,,california,sacramento,38.576,-121.497
139498,ca 007 - central valley  california,2024/09/06,,california,sacramento,38.576,-121.496
139416,ca 006 - central valley  california,2024/09/04,,california,sacramento,38.576,-121.495
139405,ca 005 - central valley  california,2024/09/02,,california,sacramento,38.576,-121.494
139400,ca 004 - central valley california,2024/09/02,,california,sacramento,38.576,-121.493
139076,nm 009 - roosevelt county,2024/04/22,,new mexico,roosevelt,34.186,-103.337
139075,ca 003 - central valley  california,2024/08/25,,california,sacramento,38.576,-121.492
139074,ca 002 - central valley  california,2024/08/15,,california,sacramento,38.576,-121.491
139062,ca 001 - central valley  california,2024/08/24,,california,sacramento,38.576,-121.49
138965,mi 028 - van buren county,2024/08/19,,michigan,van buren,42.216,-85.891
137965,co 062 - weld county,2024/07/05,,colorado,weld,40.423,-104.556
137959,co 055 - weld county,2024/07/28,,colorado,weld,40.423,-104.553
137964,co 061 - larimer county,2024/07/25,,colorado,larimer,40.589,-105.078
138659,mccone county,2024/03/11,2024/06/30,montana,mccone,47.406,-105.59
137960,co 057 - weld county,2024/07/29,,colorado,weld,40.423,-104.66
137961,co 058 - weld county,2024/07/26,,colorado,weld,40.423,-104.559
138472,id 033 - canyon county,2024/07/16,,idaho,canyon,43.665,-116.682
137967,co 056 - weld county,2024/07/01,,colorado,weld,40.423,-104.661
137966,co 063 - larimer county,2024/07/12,,colorado,larimer,40.589,-105.077
137962,co 059 - weld county,2024/07/26,,colorado,weld,40.423,-104.558
137958,co 054 - weld county,2024/07/29,,colorado,weld,40.423,-104.554
137957,co 053 - weld county,2024/07/28,,colorado,weld,40.423,-104.555
137956,sd 007 - south dakota,2024/07/29,,south dakota,hughes,44.37,-100.347
137955,sd 006 - south dakota,2024/07/29,,south dakota,hughes,44.37,-100.348
137386,co 050 - weld county,2024/07/19,,colorado,weld,40.424,-104.657
137173,co 051 - larimer county,2024/07/19,,colorado,larimer,40.59,-105.078
137749,co 042 - weld county,2024/06/21,,colorado,weld,40.424,-104.661
136036,co 026 - weld county,2024/06/24,,colorado,weld,40.423,-104.675
137572,tx 023 - erath county,2024/07/23,,texas,erath,32.22,-98.203
137571,mi 027 - van buren county,2024/07/25,,michigan,van buren,42.217,-85.89
137388,co 052 - weld county,2024/07/25,,colorado,weld,40.424,-104.656
136037,co 027 - weld county,2024/06/26,,colorado,weld,40.424,-104.673
136969,co 040 - morgan county,2024/07/10,,colorado,morgan,40.252,-103.787
137172,co 049 - morgan county,2024/07/17,,colorado,morgan,40.252,-103.787
135762,co 019 - weld county,2024/06/14,,colorado,weld,40.424,-104.681
137171,co 048 - larimer county,2024/07/15,,colorado,larimer,40.59,-105.079
137169,co 046 - weld county,2024/07/12,,colorado,weld,40.424,-104.658
135757,co 013 - weld county,2024/06/17,,colorado,weld,40.424,-104.685
135550,co 012 - weld county,2024/06/14,,colorado,weld,40.424,-104.692
135758,co 014 - weld county,2024/06/17,,colorado,weld,40.424,-104.684
136501,co 028 - larimer county,2024/07/01,,colorado,larimer,40.589,-105.08
136965,co 037 - weld county,2024/07/09,,colorado,weld,40.424,-104.666
136968,co 043 - weld county,2024/07/11,,colorado,weld,40.424,-104.662
135546,co 007 - weld county,2024/06/10,,colorado,weld,40.429,-104.691
136962,co 034 - weld county,2024/07/05,,colorado,weld,40.424,-104.668
136959,co 031 - weld county,2024/07/04,,colorado,weld,40.424,-104.671
136960,co 032 - weld county,2024/07/05,,colorado,weld,40.424,-104.67
136971,co 044 - weld county,2024/07/12,,colorado,weld,40.424,-104.66
136963,co 035 - weld county,2024/07/03,,colorado,weld,40.424,-104.667
136961,co 033 - weld county,2024/06/22,,colorado,weld,40.424,-104.669
136920,ok 002 - oklahoma,2024/04/19,,oklahoma,oklahoma,35.491,-97.502
136919,ok 001 - oklahoma,2024/04/19,,oklahoma,oklahoma,35.491,-97.503
136918,tx 022 - erath county,2024/07/01,,texas,erath,32.22,-98.199
136917,id 032 - gooding county,2024/07/09,,idaho,gooding,42.939,-114.711
136916,id 031 - canyon county,2024/06/27,,idaho,canyon,43.666,-116.679
136915,mn 009 - benton county,2024/06/28,,minnesota,benton,45.666,-93.905
136914,ia 012 - sioux county,2024/06/21,,iowa,sioux,43.005,-96.05
135545,co 006 - weld county,2024/06/10,,colorado,weld,40.429,-104.692
135760,co 016 - weld,2024/06/17,,colorado,weld,40.424,-104.682
136034,co 024 - weld county,2024/06/24,,colorado,weld,40.424,-104.677
136033,co 017 - weld county,2024/06/24,,colorado,weld,40.424,-104.674
136035,co 025 - weld county,2024/06/24,,colorado,weld,40.424,-104.675
135536,ia 005 - sioux county,2024/06/13,,iowa,sioux,43.005,-96.057
136504,co 030 - weld county,2024/06/17,,colorado,weld,40.424,-104.672
136503,mi 026 - gratiot county,2024/05/31,,michigan,gratiot,43.291,-84.598
136500,mn 008 - benton county,2024/06/20,,minnesota,benton,45.666,-93.906
134124,mi 004 - ottawa county,2024/04/08,,michigan,ottawa,42.812,-86.063
135371,mn 003 - sibley county,2024/05/25,,minnesota,sibley,44.556,-94.221
135768,adams county,2024/05/29,2024/06/30,colorado,adams,39.97,-104.761
136031,ia 011 - sioux county,2024/06/20,,iowa,sioux,43.005,-96.051
135756,co 011 - weld county,2024/06/14,,colorado,weld,40.424,-104.789
135539,tx 020 - erath county,2024/06/06,,texas,erath,32.22,-98.201
135540,tx 021 - erath county,2024/06/06,,texas,erath,32.22,-98.2
135764,co 021 - morgan county,2024/06/17,,colorado,morgan,40.252,-103.788
135763,co 020 - weld county,2024/06/14,,colorado,weld,40.424,-104.68
135761,co 018 - morgan county,2024/06/13,,colorado,morgan,40.252,-103.789
134125,mi 005 - isabella county,2024/04/10,,michigan,isabella,43.606,-84.776
135615,ia 010 - sioux county,2024/06/19,,iowa,sioux,43.005,-96.056
135613,ia 008 - sioux county,2024/06/18,,iowa,sioux,43.005,-96.054
135611,ia 006 - sioux county,2024/06/14,,iowa,sioux,43.005,-96.056
135537,mn 005 - kandiyohi county,2024/05/28,,minnesota,kandiyohi,45.12,-95.049
135547,co 008 - weld county,2024/06/11,,colorado,weld,40.424,-104.69
135541,mn 007 - morrison county,2024/06/14,,minnesota,morrison,45.976,-94.359
135136,mi 023 - clinton county,2024/05/14,,michigan,clinton,43.001,-84.559
133485,tx 002 - hartley county,2024/03/20,,texas,hartley,36.051,-102.515
135538,mn 006 - benton county,2024/06/07,,minnesota,benton,45.666,-93.907
135548,co 009 - weld county,2024/06/04,,colorado,weld,40.424,-104.692
135544,id 027 - minidoka county,2024/06/11,,idaho,minidoka,42.619,-113.676
135543,id 026 - owyhee county,2024/06/11,,idaho,owyhee,43.217,-116.549
135542,id 025 - owyhee county,2024/06/11,,idaho,owyhee,43.217,-116.55
135535,ia 004 - plymouth county,2024/06/10,,iowa,plymouth,42.79,-96.161
135534,ia 003 - sioux county,2024/06/10,,iowa,sioux,43.005,-96.058
135493,co 005 - morgan county,2024/05/15,,colorado,morgan,40.252,-103.79
135492,mi 025 - clinton county,2024/05/23,,michigan,clinton,43.001,-84.554
135377,wy 001 - wyoming,2024/05/25,,wyoming,albany,41.312,-105.59
135376,id 024 - payette county,2024/06/06,,idaho,payette,44.078,-116.929
135374,id 023 - payette county,2024/06/05,,idaho,payette,44.078,-116.93
135370,mn 002 - benton county,2024/05/30,,minnesota,benton,45.666,-93.908
135335,ia 001 - o'brien county,2024/05/31,,iowa,o'brien,43.087,-95.628
135152,tx 016 - randall county,2024/04/08,,texas,randall,34.986,-101.92
135150,id 018 - twin falls county,2024/05/27,,idaho,twin falls,42.559,-114.463
135147,id 016 - twin falls county,2024/05/27,,idaho,twin falls,42.559,-114.464
135145,id 014 - twin falls county,2024/05/27,,idaho,twin falls,42.559,-114.465
135143,id 012 - cassia county,2024/05/27,,idaho,cassia,42.534,-113.787
135140,tx 018 - comanche county,2024/05/24,,texas,comanche,31.898,-98.604
135138,sd 005 - south dakota,2024/05/22,,south dakota,hughes,44.37,-100.349
135137,mi 024 - ottawa coutny,2024/05/02,,michigan,ottawa,43.062,-86.226
135135,mi 022 - clinton county,2024/05/18,,michigan,clinton,43.001,-84.556
135134,mi 021 - calhoun county,2024/05/20,,michigan,calhoun,42.316,-85.175
134997,sd 004 - south dakota,2024/05/19,,south dakota,hughes,44.37,-100.35
134996,sd 003 - south dakota,2024/05/14,,south dakota,hughes,44.37,-100.351
134995,sd 002 - south dakota,2024/05/17,,south dakota,hughes,44.37,-100.352
133750,tx 009 - dallam county,2024/03/25,,texas,dallam,36.062,-102.52
133962,tx 010 - dallam county,2024/03/15,,texas,dallam,36.062,-102.519
134784,tx 014 - hale county,2024/05/13,,texas,hale,34.181,-101.703
134994,co 004 - weld county,2024/05/17,,colorado,weld,40.424,-104.693
134993,co 003 - weld county,2024/05/17,,colorado,weld,40.424,-104.694
134991,id 010 - cassia county,2024/05/20,,idaho,cassia,42.534,-113.788
134990,mi 020 - ionia county,2024/05/01,,michigan,ionia,42.983,-85.055
134989,mi 019 - gratiot county,2024/04/13,,michigan,gratiot,43.291,-84.599
134988,mi 018 - clinton county,2024/05/01,,michigan,clinton,43.001,-84.557
134987,mi 017 - gratiot county,2024/05/09,,michigan,gratiot,43.291,-84.6
134986,mi 016 - ionia county,2024/04/30,,michigan,ionia,42.983,-85.056
134783,mi 015 - gratiot county,2024/05/13,,michigan,gratiot,43.291,-84.601
134787,id 009 - cassia county,2024/05/17,,idaho,cassia,42.534,-113.789
134786,id 008 - cassia county,2024/05/15,,idaho,cassia,40.424,-104.694
134663,id 005 - jerome county,2024/05/08,,idaho,jerome,42.727,-114.516
134662,id 004 - jerome county,2024/05/05,,idaho,jerome,42.727,-114.517
134661,mi 014 - gratiot county,2024/05/04,,michigan,gratiot,43.291,-84.602
134660,mi 013 - clinton county,2024/05/06,,michigan,clinton,43.001,-84.602
134659,mi 012 - allegan county,2024/04/30,,michigan,allegan,42.529,-85.852
134658,mi 011 - ingham county,2024/04/30,,michigan,ingham,42.73,-84.556
134657,tx 013 - lamb county,2024/04/20,,texas,lamb,33.929,-102.33
134529,mi 007 - barry county,2024/04/06,,michigan,barry,42.649,-85.29
134533,co 002 - colorado,2024/04/21,,colorado,broomfield,39.918,-105.121
134532,mi 010 - gratiot county,2024/04/29,,michigan,gratiot,43.291,-84.603
134531,mi 009 - isabella county,2024/04/26,,michigan,isabella,43.607,-84.776
134530,mi 008 - ionia county,2024/04/21,,michigan,ionia,42.983,-85.29
134528,id 003 - cassia county,2024/04/21,,idaho,cassia,42.534,-113.791
134123,mi 003 - ionia county,2024/04/11,,michigan,ionia,42.983,-85.06
133965,nc 001 - north carolina,2024/04/04,2024/05/03,north carolina,wake,35.776,-78.64
134390,co 001 - colorado,2024/04/21,,colorado,broomfield,39.918,-105.123
134389,nm 001 - curry county,2024/04/02,,new mexico,curry,34.403,-103.195
134388,nm 008 - curry county,2024/03/21,,new mexico,curry,34.403,-103.196
134221,tx 006 - lamb county,2024/04/01,,idaho,cassia,42.535,-113.792
134222,mi 006 - ionia county,2024/04/07,,michigan,ionia,42.982,-85.059
134223,id 002 - cassia county,2024/04/02,,new mexico,curry,34.403,-103.197
134126,ks 004 - stevens county,2024/03/22,,kansas,stevens,37.177,-101.346
134128,nm 007 - curry county,2024/04/02,,new mexico,curry,34.403,-103.197
133957,oh 001 - wood county,2024/03/27,,ohio,wood,41.377,-83.648
133742,nm 002 - curry county,2024/03/16,,new mexico,curry,34.403,-103.201
133967,nm 006 - curry county,2024/04/01,,new mexico,curry,34.403,-103.197
134129,tx 012 - hartley county,2024/04/03,,texas,hartley,36.051,-102.514
133964,sd 001 - brown county,2024/03/29,,south dakota,brown,45.465,-98.487
133966,tx 003 - hale county,2024/03/14,,texas,hale,34.185,-101.701
133963,tx 011 - castro county,2024/03/10,,texas,castro,34.551,-102.311
133961,nm 005 - curry county,2024/04/01,,new mexico,curry,34.403,-103.198
133960,nm 004 - curry county,2024/03/29,,new mexico,curry,34.403,-103.199
133959,nm 003 - curry county,2024/03/28,,new mexico,curry,34.403,-103.2
133958,mi 002 - montcalm county,2024/03/30,,michigan,montcalm,43.292,-85.082
133490,ks 001 - seward county,2024/03/21,,kansas,seward,37.043,-100.921
133743,ks 002 - kearny county,2024/03/20,,kansas,kearny,37.943,-101.256
133741,ks 003 - gray county,2024/03/25,,kansas,gray,37.804,-100.349
133746,tx 004 - moore county,2024/03/14,,texas,moore,35.856,-101.972
133747,tx 005 - lamb county,2024/03/21,,texas,lamb,33.92,-102.333
133748,tx 007 - hale county,2024/03/11,,texas,hale,34.185,-101.702
133749,tx 008 - dallam county,2024/03/17,,texas,dallam,36.062,-102.521
133786,id 001 - cassia county,2024/03/13,,idaho,cassia,42.535,-113.793
133740,mi 001 - montcalm county,2024/03/20,,michigan,montcalm,43.292,-85.083
133744,tx 001 - castro county,2024/03/13,,texas,castro,34.551,-102.312
