livestock,state,status,subtype,state_by_farmsize,county_by_farmsize,deficit,diff,lambda0,tot_heads
cattle,alabama,ignored,all,,,,,,
chukars,alabama,ignored,all,,,,,,
ckn-broilers,alabama,ignored,all,,,,,,
ckn-layers,alabama,ignored,all,,,,,,
ckn-pullets,alabama,ignored,all,,,,,,
ckn-roosters,alabama,ignored,all,,,,,,
ducks,alabama,ignored,all,,,,,,
emus,alabama,ignored,all,,,,,,
geese,alabama,ignored,all,,,,,,
guineas,alabama,ignored,all,,,,,,
hogs,alabama,ignored,all,,,,,,
ostriches,alabama,ignored,all,,,,,,
peafowl,alabama,ignored,all,,,,,,
pheasants,alabama,ignored,all,,,,,,
pigeons,alabama,ignored,all,,,,,,
poultry-other,alabama,ignored,all,,,,,,
quail,alabama,ignored,all,,,,,,
rheas,alabama,ignored,all,,,,,,
sheep,alabama,ignored,all,,,,,,
turkeys,alabama,ignored,all,,,,,,
cattle,alabama,no gaps,beef,True,,,,,
chukars,alabama,,dummy,False,,,,,
ckn-broilers,alabama,,dummy,False,,,,,
ckn-layers,alabama,no gaps,dummy,True,,,,,
ckn-pullets,alabama,,dummy,False,,,,,
ckn-roosters,alabama,,dummy,False,,,,,
ducks,alabama,,dummy,False,,,,,
emus,alabama,,dummy,False,,,,,
geese,alabama,,dummy,False,,,,,
guineas,alabama,,dummy,False,,,,,
hogs,alabama,gaps,dummy,True,True,42432.99999999999,42436.99999999999,35056.99999999999,52219.99999999999
ostriches,alabama,,dummy,False,,,,,
peafowl,alabama,,dummy,False,,,,,
pheasants,alabama,,dummy,False,,,,,
pigeons,alabama,,dummy,False,,,,,
poultry-other,alabama,,dummy,False,,,,,
quail,alabama,,dummy,False,,,,,
rheas,alabama,,dummy,False,,,,,
sheep,alabama,no gaps,dummy,True,,,,,
turkeys,alabama,,dummy,False,,,,,
cattle,alabama,gaps,milk,True,True,478.0,480.0,29.0,1970.0
cattle,alabama,no gaps,other,True,,,,,
cattle,alaska,ignored,all,,,,,,
chukars,alaska,ignored,all,,,,,,
ckn-broilers,alaska,ignored,all,,,,,,
ckn-layers,alaska,ignored,all,,,,,,
ckn-pullets,alaska,ignored,all,,,,,,
ckn-roosters,alaska,ignored,all,,,,,,
ducks,alaska,ignored,all,,,,,,
emus,alaska,ignored,all,,,,,,
geese,alaska,ignored,all,,,,,,
guineas,alaska,ignored,all,,,,,,
hogs,alaska,ignored,all,,,,,,
peafowl,alaska,ignored,all,,,,,,
pheasants,alaska,ignored,all,,,,,,
pigeons,alaska,ignored,all,,,,,,
quail,alaska,ignored,all,,,,,,
sheep,alaska,ignored,all,,,,,,
turkeys,alaska,ignored,all,,,,,,
cattle,alaska,gaps,beef,True,True,6942.0,6946.0,3737.0,8113.0
chukars,alaska,,dummy,False,,,,,
ckn-broilers,alaska,,dummy,False,,,,,
ckn-layers,alaska,no gaps,dummy,True,,,,,
ckn-pullets,alaska,,dummy,False,,,,,
ckn-roosters,alaska,,dummy,False,,,,,
ducks,alaska,,dummy,False,,,,,
emus,alaska,,dummy,False,,,,,
geese,alaska,,dummy,False,,,,,
guineas,alaska,,dummy,False,,,,,
hogs,alaska,gaps,dummy,True,True,877.0,879.0,278.0,1604.0
peafowl,alaska,,dummy,False,,,,,
pheasants,alaska,,dummy,False,,,,,
pigeons,alaska,,dummy,False,,,,,
quail,alaska,,dummy,False,,,,,
sheep,alaska,gaps,dummy,True,True,742.0,744.0,146.0,1143.0
turkeys,alaska,,dummy,False,,,,,
cattle,alaska,gaps,milk,True,True,134.0,137.0,9.333333333333334,134.0
cattle,alaska,gaps,other,True,True,6333.0,6336.0,4555.0,8593.0
cattle,arizona,ignored,all,,,,,,
chukars,arizona,ignored,all,,,,,,
ckn-broilers,arizona,ignored,all,,,,,,
ckn-layers,arizona,ignored,all,,,,,,
ckn-pullets,arizona,ignored,all,,,,,,
ckn-roosters,arizona,ignored,all,,,,,,
ducks,arizona,ignored,all,,,,,,
emus,arizona,ignored,all,,,,,,
geese,arizona,ignored,all,,,,,,
guineas,arizona,ignored,all,,,,,,
hogs,arizona,ignored,all,,,,,,
ostriches,arizona,ignored,all,,,,,,
partridges,arizona,ignored,all,,,,,,
peafowl,arizona,ignored,all,,,,,,
pheasants,arizona,ignored,all,,,,,,
pigeons,arizona,ignored,all,,,,,,
poultry-other,arizona,ignored,all,,,,,,
quail,arizona,ignored,all,,,,,,
rheas,arizona,ignored,all,,,,,,
sheep,arizona,ignored,all,,,,,,
turkeys,arizona,ignored,all,,,,,,
cattle,arizona,no gaps,beef,True,,,,,
chukars,arizona,,dummy,False,,,,,
ckn-broilers,arizona,,dummy,False,,,,,
ckn-layers,arizona,gaps,dummy,True,False,4220173.666666667,4220174.666666667,4020173.666666667,4262403.666666667
ckn-pullets,arizona,,dummy,False,,,,,
ckn-roosters,arizona,,dummy,False,,,,,
ducks,arizona,,dummy,False,,,,,
emus,arizona,,dummy,False,,,,,
geese,arizona,,dummy,False,,,,,
guineas,arizona,,dummy,False,,,,,
hogs,arizona,gaps,dummy,True,True,40692.0,40696.0,24586.0,41626.0
ostriches,arizona,,dummy,False,,,,,
partridges,arizona,,dummy,False,,,,,
peafowl,arizona,,dummy,False,,,,,
pheasants,arizona,,dummy,False,,,,,
pigeons,arizona,,dummy,False,,,,,
poultry-other,arizona,,dummy,False,,,,,
quail,arizona,,dummy,False,,,,,
rheas,arizona,,dummy,False,,,,,
sheep,arizona,gaps,dummy,True,True,8692.0,8694.0,4694.0,147195.0
turkeys,arizona,,dummy,False,,,,,
cattle,arizona,gaps,milk,True,True,228.0,230.0,18.0,199188.0
cattle,arizona,no gaps,other,True,,,,,
cattle,arkansas,ignored,all,,,,,,
chukars,arkansas,ignored,all,,,,,,
ckn-broilers,arkansas,ignored,all,,,,,,
ckn-layers,arkansas,ignored,all,,,,,,
ckn-pullets,arkansas,ignored,all,,,,,,
ckn-roosters,arkansas,ignored,all,,,,,,
ducks,arkansas,ignored,all,,,,,,
emus,arkansas,ignored,all,,,,,,
geese,arkansas,ignored,all,,,,,,
guineas,arkansas,ignored,all,,,,,,
hogs,arkansas,ignored,all,,,,,,
peafowl,arkansas,ignored,all,,,,,,
pheasants,arkansas,ignored,all,,,,,,
pigeons,arkansas,ignored,all,,,,,,
poultry-other,arkansas,ignored,all,,,,,,
quail,arkansas,ignored,all,,,,,,
rheas,arkansas,ignored,all,,,,,,
sheep,arkansas,ignored,all,,,,,,
turkeys,arkansas,ignored,all,,,,,,
cattle,arkansas,no gaps,beef,True,,,,,
chukars,arkansas,,dummy,False,,,,,
ckn-broilers,arkansas,,dummy,False,,,,,
ckn-layers,arkansas,no gaps,dummy,True,,,,,
ckn-pullets,arkansas,,dummy,False,,,,,
ckn-roosters,arkansas,,dummy,False,,,,,
ducks,arkansas,,dummy,False,,,,,
emus,arkansas,,dummy,False,,,,,
geese,arkansas,,dummy,False,,,,,
guineas,arkansas,,dummy,False,,,,,
hogs,arkansas,no gaps,dummy,True,,,,,
peafowl,arkansas,,dummy,False,,,,,
pheasants,arkansas,,dummy,False,,,,,
pigeons,arkansas,,dummy,False,,,,,
poultry-other,arkansas,,dummy,False,,,,,
quail,arkansas,,dummy,False,,,,,
rheas,arkansas,,dummy,False,,,,,
sheep,arkansas,no gaps,dummy,True,,,,,
turkeys,arkansas,,dummy,False,,,,,
cattle,arkansas,gaps,milk,True,True,145.0,147.0,22.5,3809.0
cattle,arkansas,no gaps,other,True,,,,,
cattle,california,ignored,all,,,,,,
chukars,california,ignored,all,,,,,,
ckn-broilers,california,ignored,all,,,,,,
ckn-layers,california,ignored,all,,,,,,
ckn-pullets,california,ignored,all,,,,,,
ckn-roosters,california,ignored,all,,,,,,
ducks,california,ignored,all,,,,,,
emus,california,ignored,all,,,,,,
geese,california,ignored,all,,,,,,
guineas,california,ignored,all,,,,,,
hogs,california,ignored,all,,,,,,
ostriches,california,ignored,all,,,,,,
peafowl,california,ignored,all,,,,,,
pheasants,california,ignored,all,,,,,,
pigeons,california,ignored,all,,,,,,
poultry-other,california,ignored,all,,,,,,
quail,california,ignored,all,,,,,,
rheas,california,ignored,all,,,,,,
sheep,california,ignored,all,,,,,,
turkeys,california,ignored,all,,,,,,
cattle,california,no gaps,beef,True,,,,,
chukars,california,,dummy,False,,,,,
ckn-broilers,california,,dummy,False,,,,,
ckn-layers,california,no gaps,dummy,True,,,,,
ckn-pullets,california,,dummy,False,,,,,
ckn-roosters,california,,dummy,False,,,,,
ducks,california,,dummy,False,,,,,
emus,california,,dummy,False,,,,,
geese,california,,dummy,False,,,,,
guineas,california,,dummy,False,,,,,
hogs,california,no gaps,dummy,True,,,,,
ostriches,california,,dummy,False,,,,,
peafowl,california,,dummy,False,,,,,
pheasants,california,,dummy,False,,,,,
pigeons,california,,dummy,False,,,,,
poultry-other,california,,dummy,False,,,,,
quail,california,,dummy,False,,,,,
rheas,california,,dummy,False,,,,,
sheep,california,no gaps,dummy,True,,,,,
turkeys,california,,dummy,False,,,,,
cattle,california,no gaps,milk,True,,,,,
cattle,california,no gaps,other,True,,,,,
cattle,colorado,ignored,all,,,,,,
chukars,colorado,ignored,all,,,,,,
ckn-broilers,colorado,ignored,all,,,,,,
ckn-layers,colorado,ignored,all,,,,,,
ckn-pullets,colorado,ignored,all,,,,,,
ckn-roosters,colorado,ignored,all,,,,,,
ducks,colorado,ignored,all,,,,,,
emus,colorado,ignored,all,,,,,,
geese,colorado,ignored,all,,,,,,
guineas,colorado,ignored,all,,,,,,
hogs,colorado,ignored,all,,,,,,
ostriches,colorado,ignored,all,,,,,,
partridges,colorado,ignored,all,,,,,,
peafowl,colorado,ignored,all,,,,,,
pheasants,colorado,ignored,all,,,,,,
pigeons,colorado,ignored,all,,,,,,
poultry-other,colorado,ignored,all,,,,,,
quail,colorado,ignored,all,,,,,,
rheas,colorado,ignored,all,,,,,,
sheep,colorado,ignored,all,,,,,,
turkeys,colorado,ignored,all,,,,,,
cattle,colorado,no gaps,beef,True,,,,,
chukars,colorado,,dummy,False,,,,,
ckn-broilers,colorado,,dummy,False,,,,,
ckn-layers,colorado,gaps,dummy,True,False,24300.0,24302.0,3950.0,1726744.0
ckn-pullets,colorado,,dummy,False,,,,,
ckn-roosters,colorado,,dummy,False,,,,,
ducks,colorado,,dummy,False,,,,,
emus,colorado,,dummy,False,,,,,
geese,colorado,,dummy,False,,,,,
guineas,colorado,,dummy,False,,,,,
hogs,colorado,no gaps,dummy,True,,,,,
ostriches,colorado,,dummy,False,,,,,
partridges,colorado,,dummy,False,,,,,
peafowl,colorado,,dummy,False,,,,,
pheasants,colorado,,dummy,False,,,,,
pigeons,colorado,,dummy,False,,,,,
poultry-other,colorado,,dummy,False,,,,,
quail,colorado,,dummy,False,,,,,
rheas,colorado,,dummy,False,,,,,
sheep,colorado,no gaps,dummy,True,,,,,
turkeys,colorado,,dummy,False,,,,,
cattle,colorado,no gaps,milk,True,,,,,
cattle,colorado,no gaps,other,True,,,,,
cattle,connecticut,ignored,all,,,,,,
chukars,connecticut,ignored,all,,,,,,
ckn-broilers,connecticut,ignored,all,,,,,,
ckn-layers,connecticut,ignored,all,,,,,,
ckn-pullets,connecticut,ignored,all,,,,,,
ckn-roosters,connecticut,ignored,all,,,,,,
ducks,connecticut,ignored,all,,,,,,
emus,connecticut,ignored,all,,,,,,
geese,connecticut,ignored,all,,,,,,
guineas,connecticut,ignored,all,,,,,,
hogs,connecticut,ignored,all,,,,,,
peafowl,connecticut,ignored,all,,,,,,
pheasants,connecticut,ignored,all,,,,,,
pigeons,connecticut,ignored,all,,,,,,
poultry-other,connecticut,ignored,all,,,,,,
quail,connecticut,ignored,all,,,,,,
sheep,connecticut,ignored,all,,,,,,
turkeys,connecticut,ignored,all,,,,,,
cattle,connecticut,gaps,beef,True,True,820.0,822.0,60.0,5897.0
chukars,connecticut,,dummy,False,,,,,
ckn-broilers,connecticut,,dummy,False,,,,,
ckn-layers,connecticut,gaps,dummy,True,False,4136952.6666666665,4136954.6666666665,4000244.6666666665,4167828.6666666665
ckn-pullets,connecticut,,dummy,False,,,,,
ckn-roosters,connecticut,,dummy,False,,,,,
ducks,connecticut,,dummy,False,,,,,
emus,connecticut,,dummy,False,,,,,
geese,connecticut,,dummy,False,,,,,
guineas,connecticut,,dummy,False,,,,,
hogs,connecticut,gaps,dummy,True,True,536.0,538.0,43.0,3701.0
peafowl,connecticut,,dummy,False,,,,,
pheasants,connecticut,,dummy,False,,,,,
pigeons,connecticut,,dummy,False,,,,,
poultry-other,connecticut,,dummy,False,,,,,
quail,connecticut,,dummy,False,,,,,
sheep,connecticut,no gaps,dummy,True,,,,,
turkeys,connecticut,,dummy,False,,,,,
cattle,connecticut,no gaps,milk,True,,,,,
cattle,connecticut,no gaps,other,True,,,,,
cattle,delaware,ignored,all,,,,,,
chukars,delaware,ignored,all,,,,,,
ckn-broilers,delaware,ignored,all,,,,,,
ckn-layers,delaware,ignored,all,,,,,,
ckn-pullets,delaware,ignored,all,,,,,,
ckn-roosters,delaware,ignored,all,,,,,,
ducks,delaware,ignored,all,,,,,,
emus,delaware,ignored,all,,,,,,
geese,delaware,ignored,all,,,,,,
guineas,delaware,ignored,all,,,,,,
hogs,delaware,ignored,all,,,,,,
peafowl,delaware,ignored,all,,,,,,
pheasants,delaware,ignored,all,,,,,,
pigeons,delaware,ignored,all,,,,,,
quail,delaware,ignored,all,,,,,,
sheep,delaware,ignored,all,,,,,,
turkeys,delaware,ignored,all,,,,,,
cattle,delaware,gaps,beef,True,True,518.0,520.0,81.0,1583.0
chukars,delaware,,dummy,False,,,,,
ckn-broilers,delaware,,dummy,False,,,,,
ckn-layers,delaware,gaps,dummy,True,False,4145142.6666666665,4145144.6666666665,4038744.6666666665,4150858.6666666665
ckn-pullets,delaware,,dummy,False,,,,,
ckn-roosters,delaware,,dummy,False,,,,,
ducks,delaware,,dummy,False,,,,,
emus,delaware,,dummy,False,,,,,
geese,delaware,,dummy,False,,,,,
guineas,delaware,,dummy,False,,,,,
hogs,delaware,gaps,dummy,True,True,1070.0,1073.0,175.0,2935.0
peafowl,delaware,,dummy,False,,,,,
pheasants,delaware,,dummy,False,,,,,
pigeons,delaware,,dummy,False,,,,,
quail,delaware,,dummy,False,,,,,
sheep,delaware,gaps,dummy,True,True,690.0,692.0,132.5,1288.0
turkeys,delaware,,dummy,False,,,,,
cattle,delaware,gaps,milk,True,True,142.0,144.0,23.0,2507.0
cattle,delaware,gaps,other,True,True,3938.0,3941.0,1646.0,6003.0
cattle,florida,ignored,all,,,,,,
chukars,florida,ignored,all,,,,,,
ckn-broilers,florida,ignored,all,,,,,,
ckn-layers,florida,ignored,all,,,,,,
ckn-pullets,florida,ignored,all,,,,,,
ckn-roosters,florida,ignored,all,,,,,,
ducks,florida,ignored,all,,,,,,
emus,florida,ignored,all,,,,,,
geese,florida,ignored,all,,,,,,
guineas,florida,ignored,all,,,,,,
hogs,florida,ignored,all,,,,,,
ostriches,florida,ignored,all,,,,,,
partridges,florida,ignored,all,,,,,,
peafowl,florida,ignored,all,,,,,,
pheasants,florida,ignored,all,,,,,,
pigeons,florida,ignored,all,,,,,,
poultry-other,florida,ignored,all,,,,,,
quail,florida,ignored,all,,,,,,
rheas,florida,ignored,all,,,,,,
sheep,florida,ignored,all,,,,,,
turkeys,florida,ignored,all,,,,,,
cattle,florida,no gaps,beef,True,,,,,
chukars,florida,,dummy,False,,,,,
ckn-broilers,florida,,dummy,False,,,,,
ckn-layers,florida,gaps,dummy,True,False,124604.0,124606.0,8902.0,7096782.0
ckn-pullets,florida,,dummy,False,,,,,
ckn-roosters,florida,,dummy,False,,,,,
ducks,florida,,dummy,False,,,,,
emus,florida,,dummy,False,,,,,
geese,florida,,dummy,False,,,,,
guineas,florida,,dummy,False,,,,,
hogs,florida,no gaps,dummy,True,,,,,
ostriches,florida,,dummy,False,,,,,
partridges,florida,,dummy,False,,,,,
peafowl,florida,,dummy,False,,,,,
pheasants,florida,,dummy,False,,,,,
pigeons,florida,,dummy,False,,,,,
poultry-other,florida,,dummy,False,,,,,
quail,florida,,dummy,False,,,,,
rheas,florida,,dummy,False,,,,,
sheep,florida,gaps,dummy,True,True,4000.0,4002.0,500.0,24329.0
turkeys,florida,,dummy,False,,,,,
cattle,florida,gaps,milk,True,True,489.0,491.0,59.5,94013.0
cattle,florida,no gaps,other,True,,,,,
cattle,georgia,ignored,all,,,,,,
chukars,georgia,ignored,all,,,,,,
ckn-broilers,georgia,ignored,all,,,,,,
ckn-layers,georgia,ignored,all,,,,,,
ckn-pullets,georgia,ignored,all,,,,,,
ckn-roosters,georgia,ignored,all,,,,,,
ducks,georgia,ignored,all,,,,,,
emus,georgia,ignored,all,,,,,,
geese,georgia,ignored,all,,,,,,
guineas,georgia,ignored,all,,,,,,
hogs,georgia,ignored,all,,,,,,
ostriches,georgia,ignored,all,,,,,,
partridges,georgia,ignored,all,,,,,,
peafowl,georgia,ignored,all,,,,,,
pheasants,georgia,ignored,all,,,,,,
pigeons,georgia,ignored,all,,,,,,
poultry-other,georgia,ignored,all,,,,,,
quail,georgia,ignored,all,,,,,,
rheas,georgia,ignored,all,,,,,,
sheep,georgia,ignored,all,,,,,,
turkeys,georgia,ignored,all,,,,,,
cattle,georgia,no gaps,beef,True,,,,,
chukars,georgia,,dummy,False,,,,,
ckn-broilers,georgia,,dummy,False,,,,,
ckn-layers,georgia,no gaps,dummy,True,,,,,
ckn-pullets,georgia,,dummy,False,,,,,
ckn-roosters,georgia,,dummy,False,,,,,
ducks,georgia,,dummy,False,,,,,
emus,georgia,,dummy,False,,,,,
geese,georgia,,dummy,False,,,,,
guineas,georgia,,dummy,False,,,,,
hogs,georgia,gaps,dummy,True,True,2185.0,2187.0,392.5,41671.0
ostriches,georgia,,dummy,False,,,,,
partridges,georgia,,dummy,False,,,,,
peafowl,georgia,,dummy,False,,,,,
pheasants,georgia,,dummy,False,,,,,
pigeons,georgia,,dummy,False,,,,,
poultry-other,georgia,,dummy,False,,,,,
quail,georgia,,dummy,False,,,,,
rheas,georgia,,dummy,False,,,,,
sheep,georgia,gaps,dummy,True,True,4611.0,4613.0,605.5,26839.0
turkeys,georgia,,dummy,False,,,,,
cattle,georgia,no gaps,milk,True,,,,,
cattle,georgia,no gaps,other,True,,,,,
cattle,hawaii,ignored,all,,,,,,
ckn-broilers,hawaii,ignored,all,,,,,,
ckn-layers,hawaii,ignored,all,,,,,,
ckn-pullets,hawaii,ignored,all,,,,,,
ckn-roosters,hawaii,ignored,all,,,,,,
ducks,hawaii,ignored,all,,,,,,
geese,hawaii,ignored,all,,,,,,
guineas,hawaii,ignored,all,,,,,,
hogs,hawaii,ignored,all,,,,,,
peafowl,hawaii,ignored,all,,,,,,
pheasants,hawaii,ignored,all,,,,,,
pigeons,hawaii,ignored,all,,,,,,
poultry-other,hawaii,ignored,all,,,,,,
quail,hawaii,ignored,all,,,,,,
sheep,hawaii,ignored,all,,,,,,
turkeys,hawaii,ignored,all,,,,,,
cattle,hawaii,no gaps,beef,True,,,,,
ckn-broilers,hawaii,,dummy,False,,,,,
ckn-layers,hawaii,gaps,dummy,True,False,276257.0,276261.0,43130.0,298360.0
ckn-pullets,hawaii,,dummy,False,,,,,
ckn-roosters,hawaii,,dummy,False,,,,,
ducks,hawaii,,dummy,False,,,,,
geese,hawaii,,dummy,False,,,,,
guineas,hawaii,,dummy,False,,,,,
hogs,hawaii,no gaps,dummy,True,,,,,
peafowl,hawaii,,dummy,False,,,,,
pheasants,hawaii,,dummy,False,,,,,
pigeons,hawaii,,dummy,False,,,,,
poultry-other,hawaii,,dummy,False,,,,,
quail,hawaii,,dummy,False,,,,,
sheep,hawaii,gaps,dummy,True,True,12955.0,12957.0,4627.5,21510.0
turkeys,hawaii,,dummy,False,,,,,
cattle,hawaii,gaps,milk,True,True,594.0,598.0,88.5,633.0
cattle,hawaii,no gaps,other,True,,,,,
cattle,idaho,ignored,all,,,,,,
chukars,idaho,ignored,all,,,,,,
ckn-broilers,idaho,ignored,all,,,,,,
ckn-layers,idaho,ignored,all,,,,,,
ckn-pullets,idaho,ignored,all,,,,,,
ckn-roosters,idaho,ignored,all,,,,,,
ducks,idaho,ignored,all,,,,,,
emus,idaho,ignored,all,,,,,,
geese,idaho,ignored,all,,,,,,
guineas,idaho,ignored,all,,,,,,
hogs,idaho,ignored,all,,,,,,
partridges,idaho,ignored,all,,,,,,
peafowl,idaho,ignored,all,,,,,,
pheasants,idaho,ignored,all,,,,,,
pigeons,idaho,ignored,all,,,,,,
poultry-other,idaho,ignored,all,,,,,,
quail,idaho,ignored,all,,,,,,
sheep,idaho,ignored,all,,,,,,
turkeys,idaho,ignored,all,,,,,,
cattle,idaho,no gaps,beef,True,,,,,
chukars,idaho,,dummy,False,,,,,
ckn-broilers,idaho,,dummy,False,,,,,
ckn-layers,idaho,gaps,dummy,True,False,561998.0,562001.0,242001.0,638424.0
ckn-pullets,idaho,,dummy,False,,,,,
ckn-roosters,idaho,,dummy,False,,,,,
ducks,idaho,,dummy,False,,,,,
emus,idaho,,dummy,False,,,,,
geese,idaho,,dummy,False,,,,,
guineas,idaho,,dummy,False,,,,,
hogs,idaho,gaps,dummy,True,True,1456.0,1458.0,103.0,21157.0
partridges,idaho,,dummy,False,,,,,
peafowl,idaho,,dummy,False,,,,,
pheasants,idaho,,dummy,False,,,,,
pigeons,idaho,,dummy,False,,,,,
poultry-other,idaho,,dummy,False,,,,,
quail,idaho,,dummy,False,,,,,
sheep,idaho,no gaps,dummy,True,,,,,
turkeys,idaho,,dummy,False,,,,,
cattle,idaho,no gaps,milk,True,,,,,
cattle,idaho,no gaps,other,True,,,,,
cattle,illinois,ignored,all,,,,,,
chukars,illinois,ignored,all,,,,,,
ckn-broilers,illinois,ignored,all,,,,,,
ckn-layers,illinois,ignored,all,,,,,,
ckn-pullets,illinois,ignored,all,,,,,,
ckn-roosters,illinois,ignored,all,,,,,,
ducks,illinois,ignored,all,,,,,,
emus,illinois,ignored,all,,,,,,
geese,illinois,ignored,all,,,,,,
guineas,illinois,ignored,all,,,,,,
hogs,illinois,ignored,all,,,,,,
ostriches,illinois,ignored,all,,,,,,
peafowl,illinois,ignored,all,,,,,,
pheasants,illinois,ignored,all,,,,,,
pigeons,illinois,ignored,all,,,,,,
poultry-other,illinois,ignored,all,,,,,,
quail,illinois,ignored,all,,,,,,
rheas,illinois,ignored,all,,,,,,
sheep,illinois,ignored,all,,,,,,
turkeys,illinois,ignored,all,,,,,,
cattle,illinois,no gaps,beef,True,,,,,
chukars,illinois,,dummy,False,,,,,
ckn-broilers,illinois,,dummy,False,,,,,
ckn-layers,illinois,no gaps,dummy,True,,,,,
ckn-pullets,illinois,,dummy,False,,,,,
ckn-roosters,illinois,,dummy,False,,,,,
ducks,illinois,,dummy,False,,,,,
emus,illinois,,dummy,False,,,,,
geese,illinois,,dummy,False,,,,,
guineas,illinois,,dummy,False,,,,,
hogs,illinois,no gaps,dummy,True,,,,,
ostriches,illinois,,dummy,False,,,,,
peafowl,illinois,,dummy,False,,,,,
pheasants,illinois,,dummy,False,,,,,
pigeons,illinois,,dummy,False,,,,,
poultry-other,illinois,,dummy,False,,,,,
quail,illinois,,dummy,False,,,,,
rheas,illinois,,dummy,False,,,,,
sheep,illinois,no gaps,dummy,True,,,,,
turkeys,illinois,,dummy,False,,,,,
cattle,illinois,no gaps,milk,True,,,,,
cattle,illinois,no gaps,other,True,,,,,
cattle,indiana,ignored,all,,,,,,
chukars,indiana,ignored,all,,,,,,
ckn-broilers,indiana,ignored,all,,,,,,
ckn-layers,indiana,ignored,all,,,,,,
ckn-pullets,indiana,ignored,all,,,,,,
ckn-roosters,indiana,ignored,all,,,,,,
ducks,indiana,ignored,all,,,,,,
emus,indiana,ignored,all,,,,,,
geese,indiana,ignored,all,,,,,,
guineas,indiana,ignored,all,,,,,,
hogs,indiana,ignored,all,,,,,,
ostriches,indiana,ignored,all,,,,,,
peafowl,indiana,ignored,all,,,,,,
pheasants,indiana,ignored,all,,,,,,
pigeons,indiana,ignored,all,,,,,,
quail,indiana,ignored,all,,,,,,
rheas,indiana,ignored,all,,,,,,
sheep,indiana,ignored,all,,,,,,
turkeys,indiana,ignored,all,,,,,,
cattle,indiana,gaps,beef,True,True,11537.0,11539.0,1068.5,177730.0
chukars,indiana,,dummy,False,,,,,
ckn-broilers,indiana,,dummy,False,,,,,
ckn-layers,indiana,no gaps,dummy,True,,,,,
ckn-pullets,indiana,,dummy,False,,,,,
ckn-roosters,indiana,,dummy,False,,,,,
ducks,indiana,,dummy,False,,,,,
emus,indiana,,dummy,False,,,,,
geese,indiana,,dummy,False,,,,,
guineas,indiana,,dummy,False,,,,,
hogs,indiana,no gaps,dummy,True,,,,,
ostriches,indiana,,dummy,False,,,,,
peafowl,indiana,,dummy,False,,,,,
pheasants,indiana,,dummy,False,,,,,
pigeons,indiana,,dummy,False,,,,,
quail,indiana,,dummy,False,,,,,
rheas,indiana,,dummy,False,,,,,
sheep,indiana,gaps,dummy,True,True,11580.0,11582.0,1690.0,79185.0
turkeys,indiana,,dummy,False,,,,,
cattle,indiana,no gaps,milk,True,,,,,
cattle,indiana,no gaps,other,True,,,,,
cattle,iowa,ignored,all,,,,,,
chukars,iowa,ignored,all,,,,,,
ckn-broilers,iowa,ignored,all,,,,,,
ckn-layers,iowa,ignored,all,,,,,,
ckn-pullets,iowa,ignored,all,,,,,,
ckn-roosters,iowa,ignored,all,,,,,,
ducks,iowa,ignored,all,,,,,,
emus,iowa,ignored,all,,,,,,
geese,iowa,ignored,all,,,,,,
guineas,iowa,ignored,all,,,,,,
hogs,iowa,ignored,all,,,,,,
ostriches,iowa,ignored,all,,,,,,
peafowl,iowa,ignored,all,,,,,,
pheasants,iowa,ignored,all,,,,,,
pigeons,iowa,ignored,all,,,,,,
poultry-other,iowa,ignored,all,,,,,,
quail,iowa,ignored,all,,,,,,
sheep,iowa,ignored,all,,,,,,
turkeys,iowa,ignored,all,,,,,,
cattle,iowa,no gaps,beef,True,,,,,
chukars,iowa,,dummy,False,,,,,
ckn-broilers,iowa,,dummy,False,,,,,
ckn-layers,iowa,no gaps,dummy,True,,,,,
ckn-pullets,iowa,,dummy,False,,,,,
ckn-roosters,iowa,,dummy,False,,,,,
ducks,iowa,,dummy,False,,,,,
emus,iowa,,dummy,False,,,,,
geese,iowa,,dummy,False,,,,,
guineas,iowa,,dummy,False,,,,,
hogs,iowa,no gaps,dummy,True,,,,,
ostriches,iowa,,dummy,False,,,,,
peafowl,iowa,,dummy,False,,,,,
pheasants,iowa,,dummy,False,,,,,
pigeons,iowa,,dummy,False,,,,,
poultry-other,iowa,,dummy,False,,,,,
quail,iowa,,dummy,False,,,,,
sheep,iowa,no gaps,dummy,True,,,,,
turkeys,iowa,,dummy,False,,,,,
cattle,iowa,no gaps,milk,True,,,,,
cattle,iowa,no gaps,other,True,,,,,
cattle,kansas,ignored,all,,,,,,
chukars,kansas,ignored,all,,,,,,
ckn-broilers,kansas,ignored,all,,,,,,
ckn-layers,kansas,ignored,all,,,,,,
ckn-pullets,kansas,ignored,all,,,,,,
ckn-roosters,kansas,ignored,all,,,,,,
ducks,kansas,ignored,all,,,,,,
emus,kansas,ignored,all,,,,,,
geese,kansas,ignored,all,,,,,,
guineas,kansas,ignored,all,,,,,,
hogs,kansas,ignored,all,,,,,,
partridges,kansas,ignored,all,,,,,,
peafowl,kansas,ignored,all,,,,,,
pheasants,kansas,ignored,all,,,,,,
pigeons,kansas,ignored,all,,,,,,
quail,kansas,ignored,all,,,,,,
sheep,kansas,ignored,all,,,,,,
turkeys,kansas,ignored,all,,,,,,
cattle,kansas,no gaps,beef,True,,,,,
chukars,kansas,,dummy,False,,,,,
ckn-broilers,kansas,,dummy,False,,,,,
ckn-layers,kansas,gaps,dummy,True,False,1877489.0,1877492.0,1367498.0,2025646.0
ckn-pullets,kansas,,dummy,False,,,,,
ckn-roosters,kansas,,dummy,False,,,,,
ducks,kansas,,dummy,False,,,,,
emus,kansas,,dummy,False,,,,,
geese,kansas,,dummy,False,,,,,
guineas,kansas,,dummy,False,,,,,
hogs,kansas,no gaps,dummy,True,,,,,
partridges,kansas,,dummy,False,,,,,
peafowl,kansas,,dummy,False,,,,,
pheasants,kansas,,dummy,False,,,,,
pigeons,kansas,,dummy,False,,,,,
quail,kansas,,dummy,False,,,,,
sheep,kansas,no gaps,dummy,True,,,,,
turkeys,kansas,,dummy,False,,,,,
cattle,kansas,no gaps,milk,True,,,,,
cattle,kansas,no gaps,other,True,,,,,
cattle,kentucky,ignored,all,,,,,,
chukars,kentucky,ignored,all,,,,,,
ckn-broilers,kentucky,ignored,all,,,,,,
ckn-layers,kentucky,ignored,all,,,,,,
ckn-pullets,kentucky,ignored,all,,,,,,
ckn-roosters,kentucky,ignored,all,,,,,,
ducks,kentucky,ignored,all,,,,,,
emus,kentucky,ignored,all,,,,,,
geese,kentucky,ignored,all,,,,,,
guineas,kentucky,ignored,all,,,,,,
hogs,kentucky,ignored,all,,,,,,
ostriches,kentucky,ignored,all,,,,,,
peafowl,kentucky,ignored,all,,,,,,
pheasants,kentucky,ignored,all,,,,,,
pigeons,kentucky,ignored,all,,,,,,
poultry-other,kentucky,ignored,all,,,,,,
quail,kentucky,ignored,all,,,,,,
rheas,kentucky,ignored,all,,,,,,
sheep,kentucky,ignored,all,,,,,,
turkeys,kentucky,ignored,all,,,,,,
cattle,kentucky,no gaps,beef,True,,,,,
chukars,kentucky,,dummy,False,,,,,
ckn-broilers,kentucky,,dummy,False,,,,,
ckn-layers,kentucky,gaps,dummy,True,False,3132770.0,3132772.0,2772786.0,5542366.0
ckn-pullets,kentucky,,dummy,False,,,,,
ckn-roosters,kentucky,,dummy,False,,,,,
ducks,kentucky,,dummy,False,,,,,
emus,kentucky,,dummy,False,,,,,
geese,kentucky,,dummy,False,,,,,
guineas,kentucky,,dummy,False,,,,,
hogs,kentucky,no gaps,dummy,True,,,,,
ostriches,kentucky,,dummy,False,,,,,
peafowl,kentucky,,dummy,False,,,,,
pheasants,kentucky,,dummy,False,,,,,
pigeons,kentucky,,dummy,False,,,,,
poultry-other,kentucky,,dummy,False,,,,,
quail,kentucky,,dummy,False,,,,,
rheas,kentucky,,dummy,False,,,,,
sheep,kentucky,gaps,dummy,True,True,7472.0,7474.0,986.0,72199.0
turkeys,kentucky,,dummy,False,,,,,
cattle,kentucky,no gaps,milk,True,,,,,
cattle,kentucky,no gaps,other,True,,,,,
cattle,louisiana,ignored,all,,,,,,
chukars,louisiana,ignored,all,,,,,,
ckn-broilers,louisiana,ignored,all,,,,,,
ckn-layers,louisiana,ignored,all,,,,,,
ckn-pullets,louisiana,ignored,all,,,,,,
ckn-roosters,louisiana,ignored,all,,,,,,
ducks,louisiana,ignored,all,,,,,,
emus,louisiana,ignored,all,,,,,,
geese,louisiana,ignored,all,,,,,,
guineas,louisiana,ignored,all,,,,,,
hogs,louisiana,ignored,all,,,,,,
ostriches,louisiana,ignored,all,,,,,,
peafowl,louisiana,ignored,all,,,,,,
pheasants,louisiana,ignored,all,,,,,,
pigeons,louisiana,ignored,all,,,,,,
poultry-other,louisiana,ignored,all,,,,,,
quail,louisiana,ignored,all,,,,,,
rheas,louisiana,ignored,all,,,,,,
sheep,louisiana,ignored,all,,,,,,
turkeys,louisiana,ignored,all,,,,,,
cattle,louisiana,no gaps,beef,True,,,,,
chukars,louisiana,,dummy,False,,,,,
ckn-broilers,louisiana,,dummy,False,,,,,
ckn-layers,louisiana,gaps,dummy,True,False,113400.0,113402.0,5100.0,3336175.0
ckn-pullets,louisiana,,dummy,False,,,,,
ckn-roosters,louisiana,,dummy,False,,,,,
ducks,louisiana,,dummy,False,,,,,
emus,louisiana,,dummy,False,,,,,
geese,louisiana,,dummy,False,,,,,
guineas,louisiana,,dummy,False,,,,,
hogs,louisiana,gaps,dummy,True,True,455.0,457.0,27.5,5124.0
ostriches,louisiana,,dummy,False,,,,,
peafowl,louisiana,,dummy,False,,,,,
pheasants,louisiana,,dummy,False,,,,,
pigeons,louisiana,,dummy,False,,,,,
poultry-other,louisiana,,dummy,False,,,,,
quail,louisiana,,dummy,False,,,,,
rheas,louisiana,,dummy,False,,,,,
sheep,louisiana,gaps,dummy,True,True,1636.0,1638.0,318.0,14200.0
turkeys,louisiana,,dummy,False,,,,,
cattle,louisiana,no gaps,milk,True,,,,,
cattle,louisiana,no gaps,other,True,,,,,
cattle,maine,ignored,all,,,,,,
chukars,maine,ignored,all,,,,,,
ckn-broilers,maine,ignored,all,,,,,,
ckn-layers,maine,ignored,all,,,,,,
ckn-pullets,maine,ignored,all,,,,,,
ckn-roosters,maine,ignored,all,,,,,,
ducks,maine,ignored,all,,,,,,
emus,maine,ignored,all,,,,,,
geese,maine,ignored,all,,,,,,
guineas,maine,ignored,all,,,,,,
hogs,maine,ignored,all,,,,,,
partridges,maine,ignored,all,,,,,,
peafowl,maine,ignored,all,,,,,,
pheasants,maine,ignored,all,,,,,,
pigeons,maine,ignored,all,,,,,,
quail,maine,ignored,all,,,,,,
sheep,maine,ignored,all,,,,,,
turkeys,maine,ignored,all,,,,,,
cattle,maine,gaps,beef,True,True,837.0,839.0,68.5,11298.0
chukars,maine,,dummy,False,,,,,
ckn-broilers,maine,,dummy,False,,,,,
ckn-layers,maine,gaps,dummy,True,False,495992.0,495995.0,302901.0,543946.0
ckn-pullets,maine,,dummy,False,,,,,
ckn-roosters,maine,,dummy,False,,,,,
ducks,maine,,dummy,False,,,,,
emus,maine,,dummy,False,,,,,
geese,maine,,dummy,False,,,,,
guineas,maine,,dummy,False,,,,,
hogs,maine,no gaps,dummy,True,,,,,
partridges,maine,,dummy,False,,,,,
peafowl,maine,,dummy,False,,,,,
pheasants,maine,,dummy,False,,,,,
pigeons,maine,,dummy,False,,,,,
quail,maine,,dummy,False,,,,,
sheep,maine,gaps,dummy,True,True,2474.0,2476.0,537.0,11510.0
turkeys,maine,,dummy,False,,,,,
cattle,maine,no gaps,milk,True,,,,,
cattle,maine,no gaps,other,True,,,,,
cattle,maryland,ignored,all,,,,,,
chukars,maryland,ignored,all,,,,,,
ckn-broilers,maryland,ignored,all,,,,,,
ckn-layers,maryland,ignored,all,,,,,,
ckn-pullets,maryland,ignored,all,,,,,,
ckn-roosters,maryland,ignored,all,,,,,,
ducks,maryland,ignored,all,,,,,,
emus,maryland,ignored,all,,,,,,
geese,maryland,ignored,all,,,,,,
guineas,maryland,ignored,all,,,,,,
hogs,maryland,ignored,all,,,,,,
ostriches,maryland,ignored,all,,,,,,
peafowl,maryland,ignored,all,,,,,,
pheasants,maryland,ignored,all,,,,,,
pigeons,maryland,ignored,all,,,,,,
poultry-other,maryland,ignored,all,,,,,,
quail,maryland,ignored,all,,,,,,
rheas,maryland,ignored,all,,,,,,
sheep,maryland,ignored,all,,,,,,
turkeys,maryland,ignored,all,,,,,,
cattle,maryland,gaps,beef,True,True,5874.0,5876.0,814.5,40935.0
chukars,maryland,,dummy,False,,,,,
ckn-broilers,maryland,,dummy,False,,,,,
ckn-layers,maryland,gaps,dummy,True,False,2235946.0,2235949.0,1885949.0,2459130.0
ckn-pullets,maryland,,dummy,False,,,,,
ckn-roosters,maryland,,dummy,False,,,,,
ducks,maryland,,dummy,False,,,,,
emus,maryland,,dummy,False,,,,,
geese,maryland,,dummy,False,,,,,
guineas,maryland,,dummy,False,,,,,
hogs,maryland,gaps,dummy,True,True,1174.0,1176.0,37.0,20219.0
ostriches,maryland,,dummy,False,,,,,
peafowl,maryland,,dummy,False,,,,,
pheasants,maryland,,dummy,False,,,,,
pigeons,maryland,,dummy,False,,,,,
poultry-other,maryland,,dummy,False,,,,,
quail,maryland,,dummy,False,,,,,
rheas,maryland,,dummy,False,,,,,
sheep,maryland,no gaps,dummy,True,,,,,
turkeys,maryland,,dummy,False,,,,,
cattle,maryland,no gaps,milk,True,,,,,
cattle,maryland,no gaps,other,True,,,,,
cattle,massachusetts,ignored,all,,,,,,
chukars,massachusetts,ignored,all,,,,,,
ckn-broilers,massachusetts,ignored,all,,,,,,
ckn-layers,massachusetts,ignored,all,,,,,,
ckn-pullets,massachusetts,ignored,all,,,,,,
ckn-roosters,massachusetts,ignored,all,,,,,,
ducks,massachusetts,ignored,all,,,,,,
emus,massachusetts,ignored,all,,,,,,
geese,massachusetts,ignored,all,,,,,,
guineas,massachusetts,ignored,all,,,,,,
hogs,massachusetts,ignored,all,,,,,,
partridges,massachusetts,ignored,all,,,,,,
peafowl,massachusetts,ignored,all,,,,,,
pheasants,massachusetts,ignored,all,,,,,,
pigeons,massachusetts,ignored,all,,,,,,
poultry-other,massachusetts,ignored,all,,,,,,
quail,massachusetts,ignored,all,,,,,,
sheep,massachusetts,ignored,all,,,,,,
turkeys,massachusetts,ignored,all,,,,,,
cattle,massachusetts,gaps,beef,True,True,2463.0,2465.0,10.0,7652.0
chukars,massachusetts,,dummy,False,,,,,
ckn-broilers,massachusetts,,dummy,False,,,,,
ckn-layers,massachusetts,gaps,dummy,True,False,119301.0,119303.0,4300.5,182630.0
ckn-pullets,massachusetts,,dummy,False,,,,,
ckn-roosters,massachusetts,,dummy,False,,,,,
ducks,massachusetts,,dummy,False,,,,,
emus,massachusetts,,dummy,False,,,,,
geese,massachusetts,,dummy,False,,,,,
guineas,massachusetts,,dummy,False,,,,,
hogs,massachusetts,gaps,dummy,True,True,2532.0,2535.0,169.0,7271.0
partridges,massachusetts,,dummy,False,,,,,
peafowl,massachusetts,,dummy,False,,,,,
pheasants,massachusetts,,dummy,False,,,,,
pigeons,massachusetts,,dummy,False,,,,,
poultry-other,massachusetts,,dummy,False,,,,,
quail,massachusetts,,dummy,False,,,,,
sheep,massachusetts,no gaps,dummy,True,,,,,
turkeys,massachusetts,,dummy,False,,,,,
cattle,massachusetts,gaps,milk,True,True,945.0,947.0,142.5,9962.0
cattle,massachusetts,gaps,other,True,True,2878.0,2880.0,414.0,15479.0
cattle,michigan,ignored,all,,,,,,
chukars,michigan,ignored,all,,,,,,
ckn-broilers,michigan,ignored,all,,,,,,
ckn-layers,michigan,ignored,all,,,,,,
ckn-pullets,michigan,ignored,all,,,,,,
ckn-roosters,michigan,ignored,all,,,,,,
ducks,michigan,ignored,all,,,,,,
emus,michigan,ignored,all,,,,,,
geese,michigan,ignored,all,,,,,,
guineas,michigan,ignored,all,,,,,,
hogs,michigan,ignored,all,,,,,,
ostriches,michigan,ignored,all,,,,,,
peafowl,michigan,ignored,all,,,,,,
pheasants,michigan,ignored,all,,,,,,
pigeons,michigan,ignored,all,,,,,,
poultry-other,michigan,ignored,all,,,,,,
quail,michigan,ignored,all,,,,,,
rheas,michigan,ignored,all,,,,,,
sheep,michigan,ignored,all,,,,,,
turkeys,michigan,ignored,all,,,,,,
cattle,michigan,no gaps,beef,True,,,,,
chukars,michigan,,dummy,False,,,,,
ckn-broilers,michigan,,dummy,False,,,,,
ckn-layers,michigan,gaps,dummy,True,False,45861.0,45863.0,6530.5,17234017.0
ckn-pullets,michigan,,dummy,False,,,,,
ckn-roosters,michigan,,dummy,False,,,,,
ducks,michigan,,dummy,False,,,,,
emus,michigan,,dummy,False,,,,,
geese,michigan,,dummy,False,,,,,
guineas,michigan,,dummy,False,,,,,
hogs,michigan,gaps,dummy,True,True,7377.0,7379.0,863.5,1262145.0
ostriches,michigan,,dummy,False,,,,,
peafowl,michigan,,dummy,False,,,,,
pheasants,michigan,,dummy,False,,,,,
pigeons,michigan,,dummy,False,,,,,
poultry-other,michigan,,dummy,False,,,,,
quail,michigan,,dummy,False,,,,,
rheas,michigan,,dummy,False,,,,,
sheep,michigan,no gaps,dummy,True,,,,,
turkeys,michigan,,dummy,False,,,,,
cattle,michigan,no gaps,milk,True,,,,,
cattle,michigan,no gaps,other,True,,,,,
cattle,minnesota,ignored,all,,,,,,
chukars,minnesota,ignored,all,,,,,,
ckn-broilers,minnesota,ignored,all,,,,,,
ckn-layers,minnesota,ignored,all,,,,,,
ckn-pullets,minnesota,ignored,all,,,,,,
ckn-roosters,minnesota,ignored,all,,,,,,
ducks,minnesota,ignored,all,,,,,,
emus,minnesota,ignored,all,,,,,,
geese,minnesota,ignored,all,,,,,,
guineas,minnesota,ignored,all,,,,,,
hogs,minnesota,ignored,all,,,,,,
ostriches,minnesota,ignored,all,,,,,,
partridges,minnesota,ignored,all,,,,,,
peafowl,minnesota,ignored,all,,,,,,
pheasants,minnesota,ignored,all,,,,,,
pigeons,minnesota,ignored,all,,,,,,
quail,minnesota,ignored,all,,,,,,
sheep,minnesota,ignored,all,,,,,,
turkeys,minnesota,ignored,all,,,,,,
cattle,minnesota,no gaps,beef,True,,,,,
chukars,minnesota,,dummy,False,,,,,
ckn-broilers,minnesota,,dummy,False,,,,,
ckn-layers,minnesota,no gaps,dummy,True,,,,,
ckn-pullets,minnesota,,dummy,False,,,,,
ckn-roosters,minnesota,,dummy,False,,,,,
ducks,minnesota,,dummy,False,,,,,
emus,minnesota,,dummy,False,,,,,
geese,minnesota,,dummy,False,,,,,
guineas,minnesota,,dummy,False,,,,,
hogs,minnesota,no gaps,dummy,True,,,,,
ostriches,minnesota,,dummy,False,,,,,
partridges,minnesota,,dummy,False,,,,,
peafowl,minnesota,,dummy,False,,,,,
pheasants,minnesota,,dummy,False,,,,,
pigeons,minnesota,,dummy,False,,,,,
quail,minnesota,,dummy,False,,,,,
sheep,minnesota,no gaps,dummy,True,,,,,
turkeys,minnesota,,dummy,False,,,,,
cattle,minnesota,no gaps,milk,True,,,,,
cattle,minnesota,no gaps,other,True,,,,,
cattle,mississippi,ignored,all,,,,,,
chukars,mississippi,ignored,all,,,,,,
ckn-broilers,mississippi,ignored,all,,,,,,
ckn-layers,mississippi,ignored,all,,,,,,
ckn-pullets,mississippi,ignored,all,,,,,,
ckn-roosters,mississippi,ignored,all,,,,,,
ducks,mississippi,ignored,all,,,,,,
emus,mississippi,ignored,all,,,,,,
geese,mississippi,ignored,all,,,,,,
guineas,mississippi,ignored,all,,,,,,
hogs,mississippi,ignored,all,,,,,,
peafowl,mississippi,ignored,all,,,,,,
pheasants,mississippi,ignored,all,,,,,,
pigeons,mississippi,ignored,all,,,,,,
poultry-other,mississippi,ignored,all,,,,,,
quail,mississippi,ignored,all,,,,,,
rheas,mississippi,ignored,all,,,,,,
sheep,mississippi,ignored,all,,,,,,
turkeys,mississippi,ignored,all,,,,,,
cattle,mississippi,no gaps,beef,True,,,,,
chukars,mississippi,,dummy,False,,,,,
ckn-broilers,mississippi,,dummy,False,,,,,
ckn-layers,mississippi,gaps,dummy,True,False,1924271.0,1924273.0,1224276.0,4673149.0
ckn-pullets,mississippi,,dummy,False,,,,,
ckn-roosters,mississippi,,dummy,False,,,,,
ducks,mississippi,,dummy,False,,,,,
emus,mississippi,,dummy,False,,,,,
geese,mississippi,,dummy,False,,,,,
guineas,mississippi,,dummy,False,,,,,
hogs,mississippi,gaps,dummy,True,True,1330.0,1332.0,202.5,177541.0
peafowl,mississippi,,dummy,False,,,,,
pheasants,mississippi,,dummy,False,,,,,
pigeons,mississippi,,dummy,False,,,,,
poultry-other,mississippi,,dummy,False,,,,,
quail,mississippi,,dummy,False,,,,,
rheas,mississippi,,dummy,False,,,,,
sheep,mississippi,no gaps,dummy,True,,,,,
turkeys,mississippi,,dummy,False,,,,,
cattle,mississippi,gaps,milk,True,True,1719.0,1721.0,327.0,6848.0
cattle,mississippi,no gaps,other,True,,,,,
cattle,missouri,ignored,all,,,,,,
chukars,missouri,ignored,all,,,,,,
ckn-broilers,missouri,ignored,all,,,,,,
ckn-layers,missouri,ignored,all,,,,,,
ckn-pullets,missouri,ignored,all,,,,,,
ckn-roosters,missouri,ignored,all,,,,,,
ducks,missouri,ignored,all,,,,,,
emus,missouri,ignored,all,,,,,,
geese,missouri,ignored,all,,,,,,
guineas,missouri,ignored,all,,,,,,
hogs,missouri,ignored,all,,,,,,
ostriches,missouri,ignored,all,,,,,,
partridges,missouri,ignored,all,,,,,,
peafowl,missouri,ignored,all,,,,,,
pheasants,missouri,ignored,all,,,,,,
pigeons,missouri,ignored,all,,,,,,
poultry-other,missouri,ignored,all,,,,,,
quail,missouri,ignored,all,,,,,,
rheas,missouri,ignored,all,,,,,,
sheep,missouri,ignored,all,,,,,,
turkeys,missouri,ignored,all,,,,,,
cattle,missouri,no gaps,beef,True,,,,,
chukars,missouri,,dummy,False,,,,,
ckn-broilers,missouri,,dummy,False,,,,,
ckn-layers,missouri,no gaps,dummy,True,,,,,
ckn-pullets,missouri,,dummy,False,,,,,
ckn-roosters,missouri,,dummy,False,,,,,
ducks,missouri,,dummy,False,,,,,
emus,missouri,,dummy,False,,,,,
geese,missouri,,dummy,False,,,,,
guineas,missouri,,dummy,False,,,,,
hogs,missouri,no gaps,dummy,True,,,,,
ostriches,missouri,,dummy,False,,,,,
partridges,missouri,,dummy,False,,,,,
peafowl,missouri,,dummy,False,,,,,
pheasants,missouri,,dummy,False,,,,,
pigeons,missouri,,dummy,False,,,,,
poultry-other,missouri,,dummy,False,,,,,
quail,missouri,,dummy,False,,,,,
rheas,missouri,,dummy,False,,,,,
sheep,missouri,no gaps,dummy,True,,,,,
turkeys,missouri,,dummy,False,,,,,
cattle,missouri,no gaps,milk,True,,,,,
cattle,missouri,no gaps,other,True,,,,,
cattle,montana,ignored,all,,,,,,
chukars,montana,ignored,all,,,,,,
ckn-broilers,montana,ignored,all,,,,,,
ckn-layers,montana,ignored,all,,,,,,
ckn-pullets,montana,ignored,all,,,,,,
ckn-roosters,montana,ignored,all,,,,,,
ducks,montana,ignored,all,,,,,,
emus,montana,ignored,all,,,,,,
geese,montana,ignored,all,,,,,,
guineas,montana,ignored,all,,,,,,
hogs,montana,ignored,all,,,,,,
peafowl,montana,ignored,all,,,,,,
pheasants,montana,ignored,all,,,,,,
pigeons,montana,ignored,all,,,,,,
poultry-other,montana,ignored,all,,,,,,
quail,montana,ignored,all,,,,,,
sheep,montana,ignored,all,,,,,,
turkeys,montana,ignored,all,,,,,,
cattle,montana,no gaps,beef,True,,,,,
chukars,montana,,dummy,False,,,,,
ckn-broilers,montana,,dummy,False,,,,,
ckn-layers,montana,gaps,dummy,True,False,13915.0,13917.0,1382.5,1235100.0
ckn-pullets,montana,,dummy,False,,,,,
ckn-roosters,montana,,dummy,False,,,,,
ducks,montana,,dummy,False,,,,,
emus,montana,,dummy,False,,,,,
geese,montana,,dummy,False,,,,,
guineas,montana,,dummy,False,,,,,
hogs,montana,no gaps,dummy,True,,,,,
peafowl,montana,,dummy,False,,,,,
pheasants,montana,,dummy,False,,,,,
pigeons,montana,,dummy,False,,,,,
poultry-other,montana,,dummy,False,,,,,
quail,montana,,dummy,False,,,,,
sheep,montana,no gaps,dummy,True,,,,,
turkeys,montana,,dummy,False,,,,,
cattle,montana,gaps,milk,True,True,369.0,371.0,70.0,10237.0
cattle,montana,no gaps,other,True,,,,,
cattle,nebraska,ignored,all,,,,,,
chukars,nebraska,ignored,all,,,,,,
ckn-broilers,nebraska,ignored,all,,,,,,
ckn-layers,nebraska,ignored,all,,,,,,
ckn-pullets,nebraska,ignored,all,,,,,,
ckn-roosters,nebraska,ignored,all,,,,,,
ducks,nebraska,ignored,all,,,,,,
emus,nebraska,ignored,all,,,,,,
geese,nebraska,ignored,all,,,,,,
guineas,nebraska,ignored,all,,,,,,
hogs,nebraska,ignored,all,,,,,,
partridges,nebraska,ignored,all,,,,,,
peafowl,nebraska,ignored,all,,,,,,
pheasants,nebraska,ignored,all,,,,,,
pigeons,nebraska,ignored,all,,,,,,
poultry-other,nebraska,ignored,all,,,,,,
quail,nebraska,ignored,all,,,,,,
sheep,nebraska,ignored,all,,,,,,
turkeys,nebraska,ignored,all,,,,,,
cattle,nebraska,no gaps,beef,True,,,,,
chukars,nebraska,,dummy,False,,,,,
ckn-broilers,nebraska,,dummy,False,,,,,
ckn-layers,nebraska,gaps,dummy,True,False,32258.0,32260.0,4529.0,7161783.0
ckn-pullets,nebraska,,dummy,False,,,,,
ckn-roosters,nebraska,,dummy,False,,,,,
ducks,nebraska,,dummy,False,,,,,
emus,nebraska,,dummy,False,,,,,
geese,nebraska,,dummy,False,,,,,
guineas,nebraska,,dummy,False,,,,,
hogs,nebraska,gaps,dummy,True,True,3708.0,3710.0,541.5,3606923.0
partridges,nebraska,,dummy,False,,,,,
peafowl,nebraska,,dummy,False,,,,,
pheasants,nebraska,,dummy,False,,,,,
pigeons,nebraska,,dummy,False,,,,,
poultry-other,nebraska,,dummy,False,,,,,
quail,nebraska,,dummy,False,,,,,
sheep,nebraska,no gaps,dummy,True,,,,,
turkeys,nebraska,,dummy,False,,,,,
cattle,nebraska,no gaps,milk,True,,,,,
cattle,nebraska,no gaps,other,True,,,,,
cattle,nevada,ignored,all,,,,,,
chukars,nevada,ignored,all,,,,,,
ckn-broilers,nevada,ignored,all,,,,,,
ckn-layers,nevada,ignored,all,,,,,,
ckn-pullets,nevada,ignored,all,,,,,,
ckn-roosters,nevada,ignored,all,,,,,,
ducks,nevada,ignored,all,,,,,,
emus,nevada,ignored,all,,,,,,
geese,nevada,ignored,all,,,,,,
guineas,nevada,ignored,all,,,,,,
hogs,nevada,ignored,all,,,,,,
peafowl,nevada,ignored,all,,,,,,
pheasants,nevada,ignored,all,,,,,,
pigeons,nevada,ignored,all,,,,,,
quail,nevada,ignored,all,,,,,,
sheep,nevada,ignored,all,,,,,,
turkeys,nevada,ignored,all,,,,,,
cattle,nevada,no gaps,beef,True,,,,,
chukars,nevada,,dummy,False,,,,,
ckn-broilers,nevada,,dummy,False,,,,,
ckn-layers,nevada,gaps,dummy,True,False,6556.0,6559.0,368.66666666666674,15363.0
ckn-pullets,nevada,,dummy,False,,,,,
ckn-roosters,nevada,,dummy,False,,,,,
ducks,nevada,,dummy,False,,,,,
emus,nevada,,dummy,False,,,,,
geese,nevada,,dummy,False,,,,,
guineas,nevada,,dummy,False,,,,,
hogs,nevada,gaps,dummy,True,True,37221.0,37225.0,35474.0,37505.0
peafowl,nevada,,dummy,False,,,,,
pheasants,nevada,,dummy,False,,,,,
pigeons,nevada,,dummy,False,,,,,
quail,nevada,,dummy,False,,,,,
sheep,nevada,no gaps,dummy,True,,,,,
turkeys,nevada,,dummy,False,,,,,
cattle,nevada,gaps,milk,True,True,256.0,259.0,26.0,31934.0
cattle,nevada,no gaps,other,True,,,,,
cattle,new hampshire,ignored,all,,,,,,
chukars,new hampshire,ignored,all,,,,,,
ckn-broilers,new hampshire,ignored,all,,,,,,
ckn-layers,new hampshire,ignored,all,,,,,,
ckn-pullets,new hampshire,ignored,all,,,,,,
ckn-roosters,new hampshire,ignored,all,,,,,,
ducks,new hampshire,ignored,all,,,,,,
geese,new hampshire,ignored,all,,,,,,
guineas,new hampshire,ignored,all,,,,,,
hogs,new hampshire,ignored,all,,,,,,
ostriches,new hampshire,ignored,all,,,,,,
peafowl,new hampshire,ignored,all,,,,,,
pheasants,new hampshire,ignored,all,,,,,,
pigeons,new hampshire,ignored,all,,,,,,
quail,new hampshire,ignored,all,,,,,,
sheep,new hampshire,ignored,all,,,,,,
turkeys,new hampshire,ignored,all,,,,,,
cattle,new hampshire,no gaps,beef,True,,,,,
chukars,new hampshire,,dummy,False,,,,,
ckn-broilers,new hampshire,,dummy,False,,,,,
ckn-layers,new hampshire,gaps,dummy,True,False,194400.0,194404.0,22201.0,238651.0
ckn-pullets,new hampshire,,dummy,False,,,,,
ckn-roosters,new hampshire,,dummy,False,,,,,
ducks,new hampshire,,dummy,False,,,,,
geese,new hampshire,,dummy,False,,,,,
guineas,new hampshire,,dummy,False,,,,,
hogs,new hampshire,gaps,dummy,True,True,39279.0,39282.0,32054.0,40468.0
ostriches,new hampshire,,dummy,False,,,,,
peafowl,new hampshire,,dummy,False,,,,,
pheasants,new hampshire,,dummy,False,,,,,
pigeons,new hampshire,,dummy,False,,,,,
quail,new hampshire,,dummy,False,,,,,
sheep,new hampshire,gaps,dummy,True,True,1971.0,1973.0,285.5,8754.0
turkeys,new hampshire,,dummy,False,,,,,
cattle,new hampshire,no gaps,milk,True,,,,,
cattle,new hampshire,gaps,other,True,True,3289.0,3291.0,634.5,14551.0
cattle,new jersey,ignored,all,,,,,,
chukars,new jersey,ignored,all,,,,,,
ckn-broilers,new jersey,ignored,all,,,,,,
ckn-layers,new jersey,ignored,all,,,,,,
ckn-pullets,new jersey,ignored,all,,,,,,
ckn-roosters,new jersey,ignored,all,,,,,,
ducks,new jersey,ignored,all,,,,,,
emus,new jersey,ignored,all,,,,,,
geese,new jersey,ignored,all,,,,,,
guineas,new jersey,ignored,all,,,,,,
hogs,new jersey,ignored,all,,,,,,
ostriches,new jersey,ignored,all,,,,,,
peafowl,new jersey,ignored,all,,,,,,
pheasants,new jersey,ignored,all,,,,,,
pigeons,new jersey,ignored,all,,,,,,
poultry-other,new jersey,ignored,all,,,,,,
quail,new jersey,ignored,all,,,,,,
rheas,new jersey,ignored,all,,,,,,
sheep,new jersey,ignored,all,,,,,,
turkeys,new jersey,ignored,all,,,,,,
cattle,new jersey,no gaps,beef,True,,,,,
chukars,new jersey,,dummy,False,,,,,
ckn-broilers,new jersey,,dummy,False,,,,,
ckn-layers,new jersey,gaps,dummy,True,False,1293599.0,1293603.0,923603.0,1388403.0
ckn-pullets,new jersey,,dummy,False,,,,,
ckn-roosters,new jersey,,dummy,False,,,,,
ducks,new jersey,,dummy,False,,,,,
emus,new jersey,,dummy,False,,,,,
geese,new jersey,,dummy,False,,,,,
guineas,new jersey,,dummy,False,,,,,
hogs,new jersey,no gaps,dummy,True,,,,,
ostriches,new jersey,,dummy,False,,,,,
peafowl,new jersey,,dummy,False,,,,,
pheasants,new jersey,,dummy,False,,,,,
pigeons,new jersey,,dummy,False,,,,,
poultry-other,new jersey,,dummy,False,,,,,
quail,new jersey,,dummy,False,,,,,
rheas,new jersey,,dummy,False,,,,,
sheep,new jersey,no gaps,dummy,True,,,,,
turkeys,new jersey,,dummy,False,,,,,
cattle,new jersey,gaps,milk,True,True,1330.0,1332.0,215.0,4445.0
cattle,new jersey,gaps,other,True,True,2593.0,2595.0,141.0,12022.0
cattle,new mexico,ignored,all,,,,,,
chukars,new mexico,ignored,all,,,,,,
ckn-broilers,new mexico,ignored,all,,,,,,
ckn-layers,new mexico,ignored,all,,,,,,
ckn-pullets,new mexico,ignored,all,,,,,,
ckn-roosters,new mexico,ignored,all,,,,,,
ducks,new mexico,ignored,all,,,,,,
emus,new mexico,ignored,all,,,,,,
geese,new mexico,ignored,all,,,,,,
guineas,new mexico,ignored,all,,,,,,
hogs,new mexico,ignored,all,,,,,,
ostriches,new mexico,ignored,all,,,,,,
peafowl,new mexico,ignored,all,,,,,,
pheasants,new mexico,ignored,all,,,,,,
pigeons,new mexico,ignored,all,,,,,,
poultry-other,new mexico,ignored,all,,,,,,
quail,new mexico,ignored,all,,,,,,
sheep,new mexico,ignored,all,,,,,,
turkeys,new mexico,ignored,all,,,,,,
cattle,new mexico,no gaps,beef,True,,,,,
chukars,new mexico,,dummy,False,,,,,
ckn-broilers,new mexico,,dummy,False,,,,,
ckn-layers,new mexico,gaps,dummy,True,False,42123.0,42125.0,12619.0,91564.0
ckn-pullets,new mexico,,dummy,False,,,,,
ckn-roosters,new mexico,,dummy,False,,,,,
ducks,new mexico,,dummy,False,,,,,
emus,new mexico,,dummy,False,,,,,
geese,new mexico,,dummy,False,,,,,
guineas,new mexico,,dummy,False,,,,,
hogs,new mexico,no gaps,dummy,True,,,,,
ostriches,new mexico,,dummy,False,,,,,
peafowl,new mexico,,dummy,False,,,,,
pheasants,new mexico,,dummy,False,,,,,
pigeons,new mexico,,dummy,False,,,,,
poultry-other,new mexico,,dummy,False,,,,,
quail,new mexico,,dummy,False,,,,,
sheep,new mexico,no gaps,dummy,True,,,,,
turkeys,new mexico,,dummy,False,,,,,
cattle,new mexico,no gaps,milk,True,,,,,
cattle,new mexico,no gaps,other,True,,,,,
cattle,new york,ignored,all,,,,,,
chukars,new york,ignored,all,,,,,,
ckn-broilers,new york,ignored,all,,,,,,
ckn-layers,new york,ignored,all,,,,,,
ckn-pullets,new york,ignored,all,,,,,,
ckn-roosters,new york,ignored,all,,,,,,
ducks,new york,ignored,all,,,,,,
emus,new york,ignored,all,,,,,,
geese,new york,ignored,all,,,,,,
guineas,new york,ignored,all,,,,,,
hogs,new york,ignored,all,,,,,,
partridges,new york,ignored,all,,,,,,
peafowl,new york,ignored,all,,,,,,
pheasants,new york,ignored,all,,,,,,
pigeons,new york,ignored,all,,,,,,
poultry-other,new york,ignored,all,,,,,,
quail,new york,ignored,all,,,,,,
sheep,new york,ignored,all,,,,,,
turkeys,new york,ignored,all,,,,,,
cattle,new york,no gaps,beef,True,,,,,
chukars,new york,,dummy,False,,,,,
ckn-broilers,new york,,dummy,False,,,,,
ckn-layers,new york,gaps,dummy,True,False,160876.0,160878.0,15913.0,6388603.0
ckn-pullets,new york,,dummy,False,,,,,
ckn-roosters,new york,,dummy,False,,,,,
ducks,new york,,dummy,False,,,,,
emus,new york,,dummy,False,,,,,
geese,new york,,dummy,False,,,,,
guineas,new york,,dummy,False,,,,,
hogs,new york,no gaps,dummy,True,,,,,
partridges,new york,,dummy,False,,,,,
peafowl,new york,,dummy,False,,,,,
pheasants,new york,,dummy,False,,,,,
pigeons,new york,,dummy,False,,,,,
poultry-other,new york,,dummy,False,,,,,
quail,new york,,dummy,False,,,,,
sheep,new york,no gaps,dummy,True,,,,,
turkeys,new york,,dummy,False,,,,,
cattle,new york,no gaps,milk,True,,,,,
cattle,new york,no gaps,other,True,,,,,
cattle,north carolina,ignored,all,,,,,,
chukars,north carolina,ignored,all,,,,,,
ckn-broilers,north carolina,ignored,all,,,,,,
ckn-layers,north carolina,ignored,all,,,,,,
ckn-pullets,north carolina,ignored,all,,,,,,
ckn-roosters,north carolina,ignored,all,,,,,,
ducks,north carolina,ignored,all,,,,,,
emus,north carolina,ignored,all,,,,,,
geese,north carolina,ignored,all,,,,,,
guineas,north carolina,ignored,all,,,,,,
hogs,north carolina,ignored,all,,,,,,
ostriches,north carolina,ignored,all,,,,,,
peafowl,north carolina,ignored,all,,,,,,
pheasants,north carolina,ignored,all,,,,,,
pigeons,north carolina,ignored,all,,,,,,
poultry-other,north carolina,ignored,all,,,,,,
quail,north carolina,ignored,all,,,,,,
rheas,north carolina,ignored,all,,,,,,
sheep,north carolina,ignored,all,,,,,,
turkeys,north carolina,ignored,all,,,,,,
cattle,north carolina,no gaps,beef,True,,,,,
chukars,north carolina,,dummy,False,,,,,
ckn-broilers,north carolina,,dummy,False,,,,,
ckn-layers,north carolina,no gaps,dummy,True,,,,,
ckn-pullets,north carolina,,dummy,False,,,,,
ckn-roosters,north carolina,,dummy,False,,,,,
ducks,north carolina,,dummy,False,,,,,
emus,north carolina,,dummy,False,,,,,
geese,north carolina,,dummy,False,,,,,
guineas,north carolina,,dummy,False,,,,,
hogs,north carolina,no gaps,dummy,True,,,,,
ostriches,north carolina,,dummy,False,,,,,
peafowl,north carolina,,dummy,False,,,,,
pheasants,north carolina,,dummy,False,,,,,
pigeons,north carolina,,dummy,False,,,,,
poultry-other,north carolina,,dummy,False,,,,,
quail,north carolina,,dummy,False,,,,,
rheas,north carolina,,dummy,False,,,,,
sheep,north carolina,gaps,dummy,True,True,4064.0,4066.0,482.0,36578.0
turkeys,north carolina,,dummy,False,,,,,
cattle,north carolina,no gaps,milk,True,,,,,
cattle,north carolina,no gaps,other,True,,,,,
cattle,north dakota,ignored,all,,,,,,
chukars,north dakota,ignored,all,,,,,,
ckn-broilers,north dakota,ignored,all,,,,,,
ckn-layers,north dakota,ignored,all,,,,,,
ckn-pullets,north dakota,ignored,all,,,,,,
ckn-roosters,north dakota,ignored,all,,,,,,
ducks,north dakota,ignored,all,,,,,,
geese,north dakota,ignored,all,,,,,,
guineas,north dakota,ignored,all,,,,,,
hogs,north dakota,ignored,all,,,,,,
partridges,north dakota,ignored,all,,,,,,
peafowl,north dakota,ignored,all,,,,,,
pheasants,north dakota,ignored,all,,,,,,
pigeons,north dakota,ignored,all,,,,,,
quail,north dakota,ignored,all,,,,,,
sheep,north dakota,ignored,all,,,,,,
turkeys,north dakota,ignored,all,,,,,,
cattle,north dakota,no gaps,beef,True,,,,,
chukars,north dakota,,dummy,False,,,,,
ckn-broilers,north dakota,,dummy,False,,,,,
ckn-layers,north dakota,gaps,dummy,True,False,63618.0,63621.0,3672.6666666666665,80263.0
ckn-pullets,north dakota,,dummy,False,,,,,
ckn-roosters,north dakota,,dummy,False,,,,,
ducks,north dakota,,dummy,False,,,,,
geese,north dakota,,dummy,False,,,,,
guineas,north dakota,,dummy,False,,,,,
hogs,north dakota,gaps,dummy,True,True,1011.0,1013.0,30.5,161489.0
partridges,north dakota,,dummy,False,,,,,
peafowl,north dakota,,dummy,False,,,,,
pheasants,north dakota,,dummy,False,,,,,
pigeons,north dakota,,dummy,False,,,,,
quail,north dakota,,dummy,False,,,,,
sheep,north dakota,no gaps,dummy,True,,,,,
turkeys,north dakota,,dummy,False,,,,,
cattle,north dakota,no gaps,milk,True,,,,,
cattle,north dakota,no gaps,other,True,,,,,
cattle,ohio,ignored,all,,,,,,
chukars,ohio,ignored,all,,,,,,
ckn-broilers,ohio,ignored,all,,,,,,
ckn-layers,ohio,ignored,all,,,,,,
ckn-pullets,ohio,ignored,all,,,,,,
ckn-roosters,ohio,ignored,all,,,,,,
ducks,ohio,ignored,all,,,,,,
emus,ohio,ignored,all,,,,,,
geese,ohio,ignored,all,,,,,,
guineas,ohio,ignored,all,,,,,,
hogs,ohio,ignored,all,,,,,,
ostriches,ohio,ignored,all,,,,,,
partridges,ohio,ignored,all,,,,,,
peafowl,ohio,ignored,all,,,,,,
pheasants,ohio,ignored,all,,,,,,
pigeons,ohio,ignored,all,,,,,,
poultry-other,ohio,ignored,all,,,,,,
quail,ohio,ignored,all,,,,,,
rheas,ohio,ignored,all,,,,,,
sheep,ohio,ignored,all,,,,,,
turkeys,ohio,ignored,all,,,,,,
cattle,ohio,no gaps,beef,True,,,,,
chukars,ohio,,dummy,False,,,,,
ckn-broilers,ohio,,dummy,False,,,,,
ckn-layers,ohio,no gaps,dummy,True,,,,,
ckn-pullets,ohio,,dummy,False,,,,,
ckn-roosters,ohio,,dummy,False,,,,,
ducks,ohio,,dummy,False,,,,,
emus,ohio,,dummy,False,,,,,
geese,ohio,,dummy,False,,,,,
guineas,ohio,,dummy,False,,,,,
hogs,ohio,no gaps,dummy,True,,,,,
ostriches,ohio,,dummy,False,,,,,
partridges,ohio,,dummy,False,,,,,
peafowl,ohio,,dummy,False,,,,,
pheasants,ohio,,dummy,False,,,,,
pigeons,ohio,,dummy,False,,,,,
poultry-other,ohio,,dummy,False,,,,,
quail,ohio,,dummy,False,,,,,
rheas,ohio,,dummy,False,,,,,
sheep,ohio,no gaps,dummy,True,,,,,
turkeys,ohio,,dummy,False,,,,,
cattle,ohio,no gaps,milk,True,,,,,
cattle,ohio,no gaps,other,True,,,,,
cattle,oklahoma,ignored,all,,,,,,
chukars,oklahoma,ignored,all,,,,,,
ckn-broilers,oklahoma,ignored,all,,,,,,
ckn-layers,oklahoma,ignored,all,,,,,,
ckn-pullets,oklahoma,ignored,all,,,,,,
ckn-roosters,oklahoma,ignored,all,,,,,,
ducks,oklahoma,ignored,all,,,,,,
emus,oklahoma,ignored,all,,,,,,
geese,oklahoma,ignored,all,,,,,,
guineas,oklahoma,ignored,all,,,,,,
hogs,oklahoma,ignored,all,,,,,,
ostriches,oklahoma,ignored,all,,,,,,
peafowl,oklahoma,ignored,all,,,,,,
pheasants,oklahoma,ignored,all,,,,,,
pigeons,oklahoma,ignored,all,,,,,,
poultry-other,oklahoma,ignored,all,,,,,,
quail,oklahoma,ignored,all,,,,,,
rheas,oklahoma,ignored,all,,,,,,
sheep,oklahoma,ignored,all,,,,,,
turkeys,oklahoma,ignored,all,,,,,,
cattle,oklahoma,no gaps,beef,True,,,,,
chukars,oklahoma,,dummy,False,,,,,
ckn-broilers,oklahoma,,dummy,False,,,,,
ckn-layers,oklahoma,gaps,dummy,True,False,739027.0,739029.0,439028.0,3407879.0
ckn-pullets,oklahoma,,dummy,False,,,,,
ckn-roosters,oklahoma,,dummy,False,,,,,
ducks,oklahoma,,dummy,False,,,,,
emus,oklahoma,,dummy,False,,,,,
geese,oklahoma,,dummy,False,,,,,
guineas,oklahoma,,dummy,False,,,,,
hogs,oklahoma,no gaps,dummy,True,,,,,
ostriches,oklahoma,,dummy,False,,,,,
peafowl,oklahoma,,dummy,False,,,,,
pheasants,oklahoma,,dummy,False,,,,,
pigeons,oklahoma,,dummy,False,,,,,
poultry-other,oklahoma,,dummy,False,,,,,
quail,oklahoma,,dummy,False,,,,,
rheas,oklahoma,,dummy,False,,,,,
sheep,oklahoma,no gaps,dummy,True,,,,,
turkeys,oklahoma,,dummy,False,,,,,
cattle,oklahoma,no gaps,milk,True,,,,,
cattle,oklahoma,no gaps,other,True,,,,,
cattle,oregon,ignored,all,,,,,,
chukars,oregon,ignored,all,,,,,,
ckn-broilers,oregon,ignored,all,,,,,,
ckn-layers,oregon,ignored,all,,,,,,
ckn-pullets,oregon,ignored,all,,,,,,
ckn-roosters,oregon,ignored,all,,,,,,
ducks,oregon,ignored,all,,,,,,
emus,oregon,ignored,all,,,,,,
geese,oregon,ignored,all,,,,,,
guineas,oregon,ignored,all,,,,,,
hogs,oregon,ignored,all,,,,,,
peafowl,oregon,ignored,all,,,,,,
pheasants,oregon,ignored,all,,,,,,
pigeons,oregon,ignored,all,,,,,,
poultry-other,oregon,ignored,all,,,,,,
quail,oregon,ignored,all,,,,,,
rheas,oregon,ignored,all,,,,,,
sheep,oregon,ignored,all,,,,,,
turkeys,oregon,ignored,all,,,,,,
cattle,oregon,no gaps,beef,True,,,,,
chukars,oregon,,dummy,False,,,,,
ckn-broilers,oregon,,dummy,False,,,,,
ckn-layers,oregon,gaps,dummy,True,False,3033594.0,3033598.0,2663598.0,3225396.0
ckn-pullets,oregon,,dummy,False,,,,,
ckn-roosters,oregon,,dummy,False,,,,,
ducks,oregon,,dummy,False,,,,,
emus,oregon,,dummy,False,,,,,
geese,oregon,,dummy,False,,,,,
guineas,oregon,,dummy,False,,,,,
hogs,oregon,gaps,dummy,True,True,1429.0,1431.0,114.5,9813.0
peafowl,oregon,,dummy,False,,,,,
pheasants,oregon,,dummy,False,,,,,
pigeons,oregon,,dummy,False,,,,,
poultry-other,oregon,,dummy,False,,,,,
quail,oregon,,dummy,False,,,,,
rheas,oregon,,dummy,False,,,,,
sheep,oregon,no gaps,dummy,True,,,,,
turkeys,oregon,,dummy,False,,,,,
cattle,oregon,no gaps,milk,True,,,,,
cattle,oregon,no gaps,other,True,,,,,
cattle,pennsylvania,ignored,all,,,,,,
chukars,pennsylvania,ignored,all,,,,,,
ckn-broilers,pennsylvania,ignored,all,,,,,,
ckn-layers,pennsylvania,ignored,all,,,,,,
ckn-pullets,pennsylvania,ignored,all,,,,,,
ckn-roosters,pennsylvania,ignored,all,,,,,,
ducks,pennsylvania,ignored,all,,,,,,
emus,pennsylvania,ignored,all,,,,,,
geese,pennsylvania,ignored,all,,,,,,
guineas,pennsylvania,ignored,all,,,,,,
hogs,pennsylvania,ignored,all,,,,,,
ostriches,pennsylvania,ignored,all,,,,,,
partridges,pennsylvania,ignored,all,,,,,,
peafowl,pennsylvania,ignored,all,,,,,,
pheasants,pennsylvania,ignored,all,,,,,,
pigeons,pennsylvania,ignored,all,,,,,,
poultry-other,pennsylvania,ignored,all,,,,,,
quail,pennsylvania,ignored,all,,,,,,
rheas,pennsylvania,ignored,all,,,,,,
sheep,pennsylvania,ignored,all,,,,,,
turkeys,pennsylvania,ignored,all,,,,,,
cattle,pennsylvania,gaps,beef,True,True,6011.0,6013.0,655.5,197054.0
chukars,pennsylvania,,dummy,False,,,,,
ckn-broilers,pennsylvania,,dummy,False,,,,,
ckn-layers,pennsylvania,no gaps,dummy,True,,,,,
ckn-pullets,pennsylvania,,dummy,False,,,,,
ckn-roosters,pennsylvania,,dummy,False,,,,,
ducks,pennsylvania,,dummy,False,,,,,
emus,pennsylvania,,dummy,False,,,,,
geese,pennsylvania,,dummy,False,,,,,
guineas,pennsylvania,,dummy,False,,,,,
hogs,pennsylvania,no gaps,dummy,True,,,,,
ostriches,pennsylvania,,dummy,False,,,,,
partridges,pennsylvania,,dummy,False,,,,,
peafowl,pennsylvania,,dummy,False,,,,,
pheasants,pennsylvania,,dummy,False,,,,,
pigeons,pennsylvania,,dummy,False,,,,,
poultry-other,pennsylvania,,dummy,False,,,,,
quail,pennsylvania,,dummy,False,,,,,
rheas,pennsylvania,,dummy,False,,,,,
sheep,pennsylvania,no gaps,dummy,True,,,,,
turkeys,pennsylvania,,dummy,False,,,,,
cattle,pennsylvania,no gaps,milk,True,,,,,
cattle,pennsylvania,no gaps,other,True,,,,,
cattle,rhode island,ignored,all,,,,,,
chukars,rhode island,ignored,all,,,,,,
ckn-broilers,rhode island,ignored,all,,,,,,
ckn-layers,rhode island,ignored,all,,,,,,
ckn-pullets,rhode island,ignored,all,,,,,,
ckn-roosters,rhode island,ignored,all,,,,,,
ducks,rhode island,ignored,all,,,,,,
emus,rhode island,ignored,all,,,,,,
geese,rhode island,ignored,all,,,,,,
guineas,rhode island,ignored,all,,,,,,
hogs,rhode island,ignored,all,,,,,,
peafowl,rhode island,ignored,all,,,,,,
pheasants,rhode island,ignored,all,,,,,,
pigeons,rhode island,ignored,all,,,,,,
quail,rhode island,ignored,all,,,,,,
sheep,rhode island,ignored,all,,,,,,
turkeys,rhode island,ignored,all,,,,,,
cattle,rhode island,no gaps,beef,True,,,,,
chukars,rhode island,,dummy,False,,,,,
ckn-broilers,rhode island,,dummy,False,,,,,
ckn-layers,rhode island,gaps,dummy,True,False,34378.0,34381.0,4500.0,44574.0
ckn-pullets,rhode island,,dummy,False,,,,,
ckn-roosters,rhode island,,dummy,False,,,,,
ducks,rhode island,,dummy,False,,,,,
emus,rhode island,,dummy,False,,,,,
geese,rhode island,,dummy,False,,,,,
guineas,rhode island,,dummy,False,,,,,
hogs,rhode island,gaps,dummy,True,True,768.0,771.0,215.5,1213.0
peafowl,rhode island,,dummy,False,,,,,
pheasants,rhode island,,dummy,False,,,,,
pigeons,rhode island,,dummy,False,,,,,
quail,rhode island,,dummy,False,,,,,
sheep,rhode island,gaps,dummy,True,True,589.0,591.0,129.5,1196.0
turkeys,rhode island,,dummy,False,,,,,
cattle,rhode island,gaps,milk,True,True,615.0,619.0,94.5,750.0
cattle,rhode island,no gaps,other,True,,,,,
cattle,south carolina,ignored,all,,,,,,
chukars,south carolina,ignored,all,,,,,,
ckn-broilers,south carolina,ignored,all,,,,,,
ckn-layers,south carolina,ignored,all,,,,,,
ckn-pullets,south carolina,ignored,all,,,,,,
ckn-roosters,south carolina,ignored,all,,,,,,
ducks,south carolina,ignored,all,,,,,,
emus,south carolina,ignored,all,,,,,,
geese,south carolina,ignored,all,,,,,,
guineas,south carolina,ignored,all,,,,,,
hogs,south carolina,ignored,all,,,,,,
peafowl,south carolina,ignored,all,,,,,,
pheasants,south carolina,ignored,all,,,,,,
pigeons,south carolina,ignored,all,,,,,,
poultry-other,south carolina,ignored,all,,,,,,
quail,south carolina,ignored,all,,,,,,
sheep,south carolina,ignored,all,,,,,,
turkeys,south carolina,ignored,all,,,,,,
cattle,south carolina,no gaps,beef,True,,,,,
chukars,south carolina,,dummy,False,,,,,
ckn-broilers,south carolina,,dummy,False,,,,,
ckn-layers,south carolina,no gaps,dummy,True,,,,,
ckn-pullets,south carolina,,dummy,False,,,,,
ckn-roosters,south carolina,,dummy,False,,,,,
ducks,south carolina,,dummy,False,,,,,
emus,south carolina,,dummy,False,,,,,
geese,south carolina,,dummy,False,,,,,
guineas,south carolina,,dummy,False,,,,,
hogs,south carolina,no gaps,dummy,True,,,,,
peafowl,south carolina,,dummy,False,,,,,
pheasants,south carolina,,dummy,False,,,,,
pigeons,south carolina,,dummy,False,,,,,
poultry-other,south carolina,,dummy,False,,,,,
quail,south carolina,,dummy,False,,,,,
sheep,south carolina,gaps,dummy,True,True,2527.0,2529.0,313.5,12559.0
turkeys,south carolina,,dummy,False,,,,,
cattle,south carolina,gaps,milk,True,True,166.0,168.0,38.0,9328.0
cattle,south carolina,no gaps,other,True,,,,,
cattle,south dakota,ignored,all,,,,,,
chukars,south dakota,ignored,all,,,,,,
ckn-broilers,south dakota,ignored,all,,,,,,
ckn-layers,south dakota,ignored,all,,,,,,
ckn-pullets,south dakota,ignored,all,,,,,,
ckn-roosters,south dakota,ignored,all,,,,,,
ducks,south dakota,ignored,all,,,,,,
emus,south dakota,ignored,all,,,,,,
geese,south dakota,ignored,all,,,,,,
guineas,south dakota,ignored,all,,,,,,
hogs,south dakota,ignored,all,,,,,,
ostriches,south dakota,ignored,all,,,,,,
peafowl,south dakota,ignored,all,,,,,,
pheasants,south dakota,ignored,all,,,,,,
pigeons,south dakota,ignored,all,,,,,,
poultry-other,south dakota,ignored,all,,,,,,
quail,south dakota,ignored,all,,,,,,
sheep,south dakota,ignored,all,,,,,,
turkeys,south dakota,ignored,all,,,,,,
cattle,south dakota,no gaps,beef,True,,,,,
chukars,south dakota,,dummy,False,,,,,
ckn-broilers,south dakota,,dummy,False,,,,,
ckn-layers,south dakota,gaps,dummy,True,False,972695.0,972698.0,652698.0,1026877.0
ckn-pullets,south dakota,,dummy,False,,,,,
ckn-roosters,south dakota,,dummy,False,,,,,
ducks,south dakota,,dummy,False,,,,,
emus,south dakota,,dummy,False,,,,,
geese,south dakota,,dummy,False,,,,,
guineas,south dakota,,dummy,False,,,,,
hogs,south dakota,gaps,dummy,True,True,2456.0,2458.0,278.0,2039066.0
ostriches,south dakota,,dummy,False,,,,,
peafowl,south dakota,,dummy,False,,,,,
pheasants,south dakota,,dummy,False,,,,,
pigeons,south dakota,,dummy,False,,,,,
poultry-other,south dakota,,dummy,False,,,,,
quail,south dakota,,dummy,False,,,,,
sheep,south dakota,no gaps,dummy,True,,,,,
turkeys,south dakota,,dummy,False,,,,,
cattle,south dakota,gaps,milk,True,True,317.0,319.0,58.0,188382.0
cattle,south dakota,no gaps,other,True,,,,,
cattle,tennessee,ignored,all,,,,,,
chukars,tennessee,ignored,all,,,,,,
ckn-broilers,tennessee,ignored,all,,,,,,
ckn-layers,tennessee,ignored,all,,,,,,
ckn-pullets,tennessee,ignored,all,,,,,,
ckn-roosters,tennessee,ignored,all,,,,,,
ducks,tennessee,ignored,all,,,,,,
emus,tennessee,ignored,all,,,,,,
geese,tennessee,ignored,all,,,,,,
guineas,tennessee,ignored,all,,,,,,
hogs,tennessee,ignored,all,,,,,,
ostriches,tennessee,ignored,all,,,,,,
peafowl,tennessee,ignored,all,,,,,,
pheasants,tennessee,ignored,all,,,,,,
pigeons,tennessee,ignored,all,,,,,,
poultry-other,tennessee,ignored,all,,,,,,
quail,tennessee,ignored,all,,,,,,
rheas,tennessee,ignored,all,,,,,,
sheep,tennessee,ignored,all,,,,,,
turkeys,tennessee,ignored,all,,,,,,
cattle,tennessee,no gaps,beef,True,,,,,
chukars,tennessee,,dummy,False,,,,,
ckn-broilers,tennessee,,dummy,False,,,,,
ckn-layers,tennessee,gaps,dummy,True,False,138103.0,138105.0,14651.5,2520707.0
ckn-pullets,tennessee,,dummy,False,,,,,
ckn-roosters,tennessee,,dummy,False,,,,,
ducks,tennessee,,dummy,False,,,,,
emus,tennessee,,dummy,False,,,,,
geese,tennessee,,dummy,False,,,,,
guineas,tennessee,,dummy,False,,,,,
hogs,tennessee,no gaps,dummy,True,,,,,
ostriches,tennessee,,dummy,False,,,,,
peafowl,tennessee,,dummy,False,,,,,
pheasants,tennessee,,dummy,False,,,,,
pigeons,tennessee,,dummy,False,,,,,
poultry-other,tennessee,,dummy,False,,,,,
quail,tennessee,,dummy,False,,,,,
rheas,tennessee,,dummy,False,,,,,
sheep,tennessee,no gaps,dummy,True,,,,,
turkeys,tennessee,,dummy,False,,,,,
cattle,tennessee,no gaps,milk,True,,,,,
cattle,tennessee,no gaps,other,True,,,,,
cattle,texas,ignored,all,,,,,,
chukars,texas,ignored,all,,,,,,
ckn-broilers,texas,ignored,all,,,,,,
ckn-layers,texas,ignored,all,,,,,,
ckn-pullets,texas,ignored,all,,,,,,
ckn-roosters,texas,ignored,all,,,,,,
ducks,texas,ignored,all,,,,,,
emus,texas,ignored,all,,,,,,
geese,texas,ignored,all,,,,,,
guineas,texas,ignored,all,,,,,,
hogs,texas,ignored,all,,,,,,
ostriches,texas,ignored,all,,,,,,
partridges,texas,ignored,all,,,,,,
peafowl,texas,ignored,all,,,,,,
pheasants,texas,ignored,all,,,,,,
pigeons,texas,ignored,all,,,,,,
poultry-other,texas,ignored,all,,,,,,
quail,texas,ignored,all,,,,,,
rheas,texas,ignored,all,,,,,,
sheep,texas,ignored,all,,,,,,
turkeys,texas,ignored,all,,,,,,
cattle,texas,no gaps,beef,True,,,,,
chukars,texas,,dummy,False,,,,,
ckn-broilers,texas,,dummy,False,,,,,
ckn-layers,texas,no gaps,dummy,True,,,,,
ckn-pullets,texas,,dummy,False,,,,,
ckn-roosters,texas,,dummy,False,,,,,
ducks,texas,,dummy,False,,,,,
emus,texas,,dummy,False,,,,,
geese,texas,,dummy,False,,,,,
guineas,texas,,dummy,False,,,,,
hogs,texas,no gaps,dummy,True,,,,,
ostriches,texas,,dummy,False,,,,,
partridges,texas,,dummy,False,,,,,
peafowl,texas,,dummy,False,,,,,
pheasants,texas,,dummy,False,,,,,
pigeons,texas,,dummy,False,,,,,
poultry-other,texas,,dummy,False,,,,,
quail,texas,,dummy,False,,,,,
rheas,texas,,dummy,False,,,,,
sheep,texas,no gaps,dummy,True,,,,,
turkeys,texas,,dummy,False,,,,,
cattle,texas,no gaps,milk,True,,,,,
cattle,texas,no gaps,other,True,,,,,
cattle,utah,ignored,all,,,,,,
chukars,utah,ignored,all,,,,,,
ckn-broilers,utah,ignored,all,,,,,,
ckn-layers,utah,ignored,all,,,,,,
ckn-pullets,utah,ignored,all,,,,,,
ckn-roosters,utah,ignored,all,,,,,,
ducks,utah,ignored,all,,,,,,
emus,utah,ignored,all,,,,,,
geese,utah,ignored,all,,,,,,
guineas,utah,ignored,all,,,,,,
hogs,utah,ignored,all,,,,,,
peafowl,utah,ignored,all,,,,,,
pheasants,utah,ignored,all,,,,,,
pigeons,utah,ignored,all,,,,,,
poultry-other,utah,ignored,all,,,,,,
quail,utah,ignored,all,,,,,,
sheep,utah,ignored,all,,,,,,
turkeys,utah,ignored,all,,,,,,
cattle,utah,no gaps,beef,True,,,,,
chukars,utah,,dummy,False,,,,,
ckn-broilers,utah,,dummy,False,,,,,
ckn-layers,utah,no gaps,dummy,True,,,,,
ckn-pullets,utah,,dummy,False,,,,,
ckn-roosters,utah,,dummy,False,,,,,
ducks,utah,,dummy,False,,,,,
emus,utah,,dummy,False,,,,,
geese,utah,,dummy,False,,,,,
guineas,utah,,dummy,False,,,,,
hogs,utah,no gaps,dummy,True,,,,,
peafowl,utah,,dummy,False,,,,,
pheasants,utah,,dummy,False,,,,,
pigeons,utah,,dummy,False,,,,,
poultry-other,utah,,dummy,False,,,,,
quail,utah,,dummy,False,,,,,
sheep,utah,no gaps,dummy,True,,,,,
turkeys,utah,,dummy,False,,,,,
cattle,utah,no gaps,milk,True,,,,,
cattle,utah,no gaps,other,True,,,,,
cattle,vermont,ignored,all,,,,,,
ckn-broilers,vermont,ignored,all,,,,,,
ckn-layers,vermont,ignored,all,,,,,,
ckn-pullets,vermont,ignored,all,,,,,,
ckn-roosters,vermont,ignored,all,,,,,,
ducks,vermont,ignored,all,,,,,,
geese,vermont,ignored,all,,,,,,
guineas,vermont,ignored,all,,,,,,
hogs,vermont,ignored,all,,,,,,
peafowl,vermont,ignored,all,,,,,,
pheasants,vermont,ignored,all,,,,,,
pigeons,vermont,ignored,all,,,,,,
quail,vermont,ignored,all,,,,,,
sheep,vermont,ignored,all,,,,,,
turkeys,vermont,ignored,all,,,,,,
cattle,vermont,gaps,beef,True,True,3673.0,3675.0,755.5,14378.0
ckn-broilers,vermont,,dummy,False,,,,,
ckn-layers,vermont,gaps,dummy,True,False,26181.0,26183.0,5489.0,163054.0
ckn-pullets,vermont,,dummy,False,,,,,
ckn-roosters,vermont,,dummy,False,,,,,
ducks,vermont,,dummy,False,,,,,
geese,vermont,,dummy,False,,,,,
guineas,vermont,,dummy,False,,,,,
hogs,vermont,gaps,dummy,True,True,1240.0,1242.0,195.0,5602.0
peafowl,vermont,,dummy,False,,,,,
pheasants,vermont,,dummy,False,,,,,
pigeons,vermont,,dummy,False,,,,,
quail,vermont,,dummy,False,,,,,
sheep,vermont,gaps,dummy,True,True,3187.0,3189.0,343.5,17888.0
turkeys,vermont,,dummy,False,,,,,
cattle,vermont,no gaps,milk,True,,,,,
cattle,vermont,no gaps,other,True,,,,,
cattle,virginia,ignored,all,,,,,,
chukars,virginia,ignored,all,,,,,,
ckn-broilers,virginia,ignored,all,,,,,,
ckn-layers,virginia,ignored,all,,,,,,
ckn-pullets,virginia,ignored,all,,,,,,
ckn-roosters,virginia,ignored,all,,,,,,
ducks,virginia,ignored,all,,,,,,
emus,virginia,ignored,all,,,,,,
geese,virginia,ignored,all,,,,,,
guineas,virginia,ignored,all,,,,,,
hogs,virginia,ignored,all,,,,,,
ostriches,virginia,ignored,all,,,,,,
partridges,virginia,ignored,all,,,,,,
peafowl,virginia,ignored,all,,,,,,
pheasants,virginia,ignored,all,,,,,,
pigeons,virginia,ignored,all,,,,,,
poultry-other,virginia,ignored,all,,,,,,
quail,virginia,ignored,all,,,,,,
rheas,virginia,ignored,all,,,,,,
sheep,virginia,ignored,all,,,,,,
turkeys,virginia,ignored,all,,,,,,
cattle,virginia,no gaps,beef,True,,,,,
chukars,virginia,,dummy,False,,,,,
ckn-broilers,virginia,,dummy,False,,,,,
ckn-layers,virginia,gaps,dummy,True,False,937657.0,937659.0,757665.0,2374640.0
ckn-pullets,virginia,,dummy,False,,,,,
ckn-roosters,virginia,,dummy,False,,,,,
ducks,virginia,,dummy,False,,,,,
emus,virginia,,dummy,False,,,,,
geese,virginia,,dummy,False,,,,,
guineas,virginia,,dummy,False,,,,,
hogs,virginia,gaps,dummy,True,True,1940.0,1942.0,120.0,282797.0
ostriches,virginia,,dummy,False,,,,,
partridges,virginia,,dummy,False,,,,,
peafowl,virginia,,dummy,False,,,,,
pheasants,virginia,,dummy,False,,,,,
pigeons,virginia,,dummy,False,,,,,
poultry-other,virginia,,dummy,False,,,,,
quail,virginia,,dummy,False,,,,,
rheas,virginia,,dummy,False,,,,,
sheep,virginia,no gaps,dummy,True,,,,,
turkeys,virginia,,dummy,False,,,,,
cattle,virginia,no gaps,milk,True,,,,,
cattle,virginia,no gaps,other,True,,,,,
cattle,washington,ignored,all,,,,,,
chukars,washington,ignored,all,,,,,,
ckn-broilers,washington,ignored,all,,,,,,
ckn-layers,washington,ignored,all,,,,,,
ckn-pullets,washington,ignored,all,,,,,,
ckn-roosters,washington,ignored,all,,,,,,
ducks,washington,ignored,all,,,,,,
emus,washington,ignored,all,,,,,,
geese,washington,ignored,all,,,,,,
guineas,washington,ignored,all,,,,,,
hogs,washington,ignored,all,,,,,,
partridges,washington,ignored,all,,,,,,
peafowl,washington,ignored,all,,,,,,
pheasants,washington,ignored,all,,,,,,
pigeons,washington,ignored,all,,,,,,
poultry-other,washington,ignored,all,,,,,,
quail,washington,ignored,all,,,,,,
sheep,washington,ignored,all,,,,,,
turkeys,washington,ignored,all,,,,,,
cattle,washington,no gaps,beef,True,,,,,
chukars,washington,,dummy,False,,,,,
ckn-broilers,washington,,dummy,False,,,,,
ckn-layers,washington,no gaps,dummy,True,,,,,
ckn-pullets,washington,,dummy,False,,,,,
ckn-roosters,washington,,dummy,False,,,,,
ducks,washington,,dummy,False,,,,,
emus,washington,,dummy,False,,,,,
geese,washington,,dummy,False,,,,,
guineas,washington,,dummy,False,,,,,
hogs,washington,gaps,dummy,True,True,14482.0,14486.0,5039.0,17707.0
partridges,washington,,dummy,False,,,,,
peafowl,washington,,dummy,False,,,,,
pheasants,washington,,dummy,False,,,,,
pigeons,washington,,dummy,False,,,,,
poultry-other,washington,,dummy,False,,,,,
quail,washington,,dummy,False,,,,,
sheep,washington,no gaps,dummy,True,,,,,
turkeys,washington,,dummy,False,,,,,
cattle,washington,no gaps,milk,True,,,,,
cattle,washington,no gaps,other,True,,,,,
cattle,west virginia,ignored,all,,,,,,
chukars,west virginia,ignored,all,,,,,,
ckn-broilers,west virginia,ignored,all,,,,,,
ckn-layers,west virginia,ignored,all,,,,,,
ckn-pullets,west virginia,ignored,all,,,,,,
ckn-roosters,west virginia,ignored,all,,,,,,
ducks,west virginia,ignored,all,,,,,,
emus,west virginia,ignored,all,,,,,,
geese,west virginia,ignored,all,,,,,,
guineas,west virginia,ignored,all,,,,,,
hogs,west virginia,ignored,all,,,,,,
peafowl,west virginia,ignored,all,,,,,,
pheasants,west virginia,ignored,all,,,,,,
pigeons,west virginia,ignored,all,,,,,,
poultry-other,west virginia,ignored,all,,,,,,
quail,west virginia,ignored,all,,,,,,
sheep,west virginia,ignored,all,,,,,,
turkeys,west virginia,ignored,all,,,,,,
cattle,west virginia,no gaps,beef,True,,,,,
chukars,west virginia,,dummy,False,,,,,
ckn-broilers,west virginia,,dummy,False,,,,,
ckn-layers,west virginia,no gaps,dummy,True,,,,,
ckn-pullets,west virginia,,dummy,False,,,,,
ckn-roosters,west virginia,,dummy,False,,,,,
ducks,west virginia,,dummy,False,,,,,
emus,west virginia,,dummy,False,,,,,
geese,west virginia,,dummy,False,,,,,
guineas,west virginia,,dummy,False,,,,,
hogs,west virginia,gaps,dummy,True,True,553.0,555.0,51.5,5204.0
peafowl,west virginia,,dummy,False,,,,,
pheasants,west virginia,,dummy,False,,,,,
pigeons,west virginia,,dummy,False,,,,,
poultry-other,west virginia,,dummy,False,,,,,
quail,west virginia,,dummy,False,,,,,
sheep,west virginia,gaps,dummy,True,True,6306.0,6308.0,1153.0,32754.0
turkeys,west virginia,,dummy,False,,,,,
cattle,west virginia,gaps,milk,True,True,407.0,409.0,63.5,4210.0
cattle,west virginia,no gaps,other,True,,,,,
cattle,wisconsin,ignored,all,,,,,,
chukars,wisconsin,ignored,all,,,,,,
ckn-broilers,wisconsin,ignored,all,,,,,,
ckn-layers,wisconsin,ignored,all,,,,,,
ckn-pullets,wisconsin,ignored,all,,,,,,
ckn-roosters,wisconsin,ignored,all,,,,,,
ducks,wisconsin,ignored,all,,,,,,
emus,wisconsin,ignored,all,,,,,,
geese,wisconsin,ignored,all,,,,,,
guineas,wisconsin,ignored,all,,,,,,
hogs,wisconsin,ignored,all,,,,,,
ostriches,wisconsin,ignored,all,,,,,,
partridges,wisconsin,ignored,all,,,,,,
peafowl,wisconsin,ignored,all,,,,,,
pheasants,wisconsin,ignored,all,,,,,,
pigeons,wisconsin,ignored,all,,,,,,
poultry-other,wisconsin,ignored,all,,,,,,
quail,wisconsin,ignored,all,,,,,,
rheas,wisconsin,ignored,all,,,,,,
sheep,wisconsin,ignored,all,,,,,,
turkeys,wisconsin,ignored,all,,,,,,
cattle,wisconsin,no gaps,beef,True,,,,,
chukars,wisconsin,,dummy,False,,,,,
ckn-broilers,wisconsin,,dummy,False,,,,,
ckn-layers,wisconsin,no gaps,dummy,True,,,,,
ckn-pullets,wisconsin,,dummy,False,,,,,
ckn-roosters,wisconsin,,dummy,False,,,,,
ducks,wisconsin,,dummy,False,,,,,
emus,wisconsin,,dummy,False,,,,,
geese,wisconsin,,dummy,False,,,,,
guineas,wisconsin,,dummy,False,,,,,
hogs,wisconsin,no gaps,dummy,True,,,,,
ostriches,wisconsin,,dummy,False,,,,,
partridges,wisconsin,,dummy,False,,,,,
peafowl,wisconsin,,dummy,False,,,,,
pheasants,wisconsin,,dummy,False,,,,,
pigeons,wisconsin,,dummy,False,,,,,
poultry-other,wisconsin,,dummy,False,,,,,
quail,wisconsin,,dummy,False,,,,,
rheas,wisconsin,,dummy,False,,,,,
sheep,wisconsin,no gaps,dummy,True,,,,,
turkeys,wisconsin,,dummy,False,,,,,
cattle,wisconsin,no gaps,milk,True,,,,,
cattle,wisconsin,no gaps,other,True,,,,,
cattle,wyoming,ignored,all,,,,,,
chukars,wyoming,ignored,all,,,,,,
ckn-broilers,wyoming,ignored,all,,,,,,
ckn-layers,wyoming,ignored,all,,,,,,
ckn-pullets,wyoming,ignored,all,,,,,,
ckn-roosters,wyoming,ignored,all,,,,,,
ducks,wyoming,ignored,all,,,,,,
emus,wyoming,ignored,all,,,,,,
geese,wyoming,ignored,all,,,,,,
guineas,wyoming,ignored,all,,,,,,
hogs,wyoming,ignored,all,,,,,,
partridges,wyoming,ignored,all,,,,,,
peafowl,wyoming,ignored,all,,,,,,
pheasants,wyoming,ignored,all,,,,,,
pigeons,wyoming,ignored,all,,,,,,
poultry-other,wyoming,ignored,all,,,,,,
quail,wyoming,ignored,all,,,,,,
sheep,wyoming,ignored,all,,,,,,
turkeys,wyoming,ignored,all,,,,,,
cattle,wyoming,no gaps,beef,True,,,,,
chukars,wyoming,,dummy,False,,,,,
ckn-broilers,wyoming,,dummy,False,,,,,
ckn-layers,wyoming,no gaps,dummy,True,,,,,
ckn-pullets,wyoming,,dummy,False,,,,,
ckn-roosters,wyoming,,dummy,False,,,,,
ducks,wyoming,,dummy,False,,,,,
emus,wyoming,,dummy,False,,,,,
geese,wyoming,,dummy,False,,,,,
guineas,wyoming,,dummy,False,,,,,
hogs,wyoming,gaps,dummy,True,True,565.0,568.0,38.333333333333336,106630.0
partridges,wyoming,,dummy,False,,,,,
peafowl,wyoming,,dummy,False,,,,,
pheasants,wyoming,,dummy,False,,,,,
pigeons,wyoming,,dummy,False,,,,,
poultry-other,wyoming,,dummy,False,,,,,
quail,wyoming,,dummy,False,,,,,
sheep,wyoming,no gaps,dummy,True,,,,,
turkeys,wyoming,,dummy,False,,,,,
cattle,wyoming,gaps,milk,True,True,7306.0,7310.0,4798.0,7986.0
cattle,wyoming,no gaps,other,True,,,,,
