county_by_farmsize,county_by_farmsize_heads,livestock,state,status,subtype,iterations
True,True,cattle,1,ignored,all,
True,True,cattle,1,ipf,beef,29.0
True,True,cattle,1,ipf,milk,21.0
True,True,cattle,1,ipf,other,40.0
False,,chukars,1,,all,
False,,chukars,1,,dummy,
False,,ckn-broilers,1,,all,
False,,ckn-broilers,1,,dummy,
True,False,ckn-layers,1,,all,
True,False,ckn-layers,1,,dummy,
False,,ckn-pullets,1,,all,
False,,ckn-pullets,1,,dummy,
False,,ckn-roosters,1,,all,
False,,ckn-roosters,1,,dummy,
False,,ducks,1,,all,
False,,ducks,1,,dummy,
False,,emus,1,,all,
False,,emus,1,,dummy,
False,,geese,1,,all,
False,,geese,1,,dummy,
False,,guineas,1,,all,
False,,guineas,1,,dummy,
True,True,hogs,1,ignored,all,
True,True,hogs,1,ipf,dummy,178.0
False,,ostriches,1,,all,
False,,ostriches,1,,dummy,
False,,peafowl,1,,all,
False,,peafowl,1,,dummy,
False,,pheasants,1,,all,
False,,pheasants,1,,dummy,
False,,pigeons,1,,all,
False,,pigeons,1,,dummy,
False,,poultry-other,1,,all,
False,,poultry-other,1,,dummy,
False,,quail,1,,all,
False,,quail,1,,dummy,
False,,rheas,1,,all,
False,,rheas,1,,dummy,
True,True,sheep,1,ignored,all,
True,True,sheep,1,ipf,dummy,65.0
False,,turkeys,1,,all,
False,,turkeys,1,,dummy,
True,True,cattle,2,ignored,all,
True,True,cattle,2,ipf,beef,80.0
True,True,cattle,2,ipf,milk,1.0
True,True,cattle,2,ipf,other,78.0
False,,chukars,2,,all,
False,,chukars,2,,dummy,
False,,ckn-broilers,2,,all,
False,,ckn-broilers,2,,dummy,
True,False,ckn-layers,2,,all,
True,False,ckn-layers,2,,dummy,
False,,ckn-pullets,2,,all,
False,,ckn-pullets,2,,dummy,
False,,ckn-roosters,2,,all,
False,,ckn-roosters,2,,dummy,
False,,ducks,2,,all,
False,,ducks,2,,dummy,
False,,emus,2,,all,
False,,emus,2,,dummy,
False,,geese,2,,all,
False,,geese,2,,dummy,
False,,guineas,2,,all,
False,,guineas,2,,dummy,
True,True,hogs,2,ignored,all,
True,True,hogs,2,ipf,dummy,29.0
False,,peafowl,2,,all,
False,,peafowl,2,,dummy,
False,,pheasants,2,,all,
False,,pheasants,2,,dummy,
False,,pigeons,2,,all,
False,,pigeons,2,,dummy,
False,,quail,2,,all,
False,,quail,2,,dummy,
True,True,sheep,2,ignored,all,
True,True,sheep,2,ipf,dummy,143.0
False,,turkeys,2,,all,
False,,turkeys,2,,dummy,
True,True,cattle,4,ignored,all,
True,True,cattle,4,ipf,beef,9.0
True,True,cattle,4,ipf,milk,35.0
True,True,cattle,4,ipf,other,52.0
False,,chukars,4,,all,
False,,chukars,4,,dummy,
False,,ckn-broilers,4,,all,
False,,ckn-broilers,4,,dummy,
True,False,ckn-layers,4,,all,
True,False,ckn-layers,4,,dummy,
False,,ckn-pullets,4,,all,
False,,ckn-pullets,4,,dummy,
False,,ckn-roosters,4,,all,
False,,ckn-roosters,4,,dummy,
False,,ducks,4,,all,
False,,ducks,4,,dummy,
False,,emus,4,,all,
False,,emus,4,,dummy,
False,,geese,4,,all,
False,,geese,4,,dummy,
False,,guineas,4,,all,
False,,guineas,4,,dummy,
True,True,hogs,4,ignored,all,
True,True,hogs,4,ipf,dummy,18.0
False,,ostriches,4,,all,
False,,ostriches,4,,dummy,
False,,partridges,4,,all,
False,,partridges,4,,dummy,
False,,peafowl,4,,all,
False,,peafowl,4,,dummy,
False,,pheasants,4,,all,
False,,pheasants,4,,dummy,
False,,pigeons,4,,all,
False,,pigeons,4,,dummy,
False,,poultry-other,4,,all,
False,,poultry-other,4,,dummy,
False,,quail,4,,all,
False,,quail,4,,dummy,
False,,rheas,4,,all,
False,,rheas,4,,dummy,
True,True,sheep,4,ignored,all,
True,True,sheep,4,ipf,dummy,98.0
False,,turkeys,4,,all,
False,,turkeys,4,,dummy,
True,True,cattle,5,ignored,all,
True,True,cattle,5,ipf,beef,138.0
True,True,cattle,5,ipf,milk,35.0
True,True,cattle,5,ipf,other,55.0
False,,chukars,5,,all,
False,,chukars,5,,dummy,
False,,ckn-broilers,5,,all,
False,,ckn-broilers,5,,dummy,
True,False,ckn-layers,5,,all,
True,False,ckn-layers,5,,dummy,
False,,ckn-pullets,5,,all,
False,,ckn-pullets,5,,dummy,
False,,ckn-roosters,5,,all,
False,,ckn-roosters,5,,dummy,
False,,ducks,5,,all,
False,,ducks,5,,dummy,
False,,emus,5,,all,
False,,emus,5,,dummy,
False,,geese,5,,all,
False,,geese,5,,dummy,
False,,guineas,5,,all,
False,,guineas,5,,dummy,
True,True,hogs,5,ignored,all,
True,True,hogs,5,ipf,dummy,226.0
False,,peafowl,5,,all,
False,,peafowl,5,,dummy,
False,,pheasants,5,,all,
False,,pheasants,5,,dummy,
False,,pigeons,5,,all,
False,,pigeons,5,,dummy,
False,,poultry-other,5,,all,
False,,poultry-other,5,,dummy,
False,,quail,5,,all,
False,,quail,5,,dummy,
False,,rheas,5,,all,
False,,rheas,5,,dummy,
True,True,sheep,5,ignored,all,
True,True,sheep,5,ipf,dummy,32.0
False,,turkeys,5,,all,
False,,turkeys,5,,dummy,
True,True,cattle,6,ignored,all,
True,True,cattle,6,ipf,beef,185.0
True,True,cattle,6,ipf,milk,501.0
True,True,cattle,6,ipf,other,62.0
False,,chukars,6,,all,
False,,chukars,6,,dummy,
False,,ckn-broilers,6,,all,
False,,ckn-broilers,6,,dummy,
True,False,ckn-layers,6,,all,
True,False,ckn-layers,6,,dummy,
False,,ckn-pullets,6,,all,
False,,ckn-pullets,6,,dummy,
False,,ckn-roosters,6,,all,
False,,ckn-roosters,6,,dummy,
False,,ducks,6,,all,
False,,ducks,6,,dummy,
False,,emus,6,,all,
False,,emus,6,,dummy,
False,,geese,6,,all,
False,,geese,6,,dummy,
False,,guineas,6,,all,
False,,guineas,6,,dummy,
True,True,hogs,6,ignored,all,
True,True,hogs,6,ipf,dummy,109.0
False,,ostriches,6,,all,
False,,ostriches,6,,dummy,
False,,peafowl,6,,all,
False,,peafowl,6,,dummy,
False,,pheasants,6,,all,
False,,pheasants,6,,dummy,
False,,pigeons,6,,all,
False,,pigeons,6,,dummy,
False,,poultry-other,6,,all,
False,,poultry-other,6,,dummy,
False,,quail,6,,all,
False,,quail,6,,dummy,
False,,rheas,6,,all,
False,,rheas,6,,dummy,
True,True,sheep,6,ignored,all,
True,True,sheep,6,ipf,dummy,62.0
False,,turkeys,6,,all,
False,,turkeys,6,,dummy,
True,True,cattle,8,ignored,all,
True,True,cattle,8,ipf,beef,60.0
True,True,cattle,8,ipf,milk,501.0
True,True,cattle,8,ipf,other,41.0
False,,chukars,8,,all,
False,,chukars,8,,dummy,
False,,ckn-broilers,8,,all,
False,,ckn-broilers,8,,dummy,
True,False,ckn-layers,8,,all,
True,False,ckn-layers,8,,dummy,
False,,ckn-pullets,8,,all,
False,,ckn-pullets,8,,dummy,
False,,ckn-roosters,8,,all,
False,,ckn-roosters,8,,dummy,
False,,ducks,8,,all,
False,,ducks,8,,dummy,
False,,emus,8,,all,
False,,emus,8,,dummy,
False,,geese,8,,all,
False,,geese,8,,dummy,
False,,guineas,8,,all,
False,,guineas,8,,dummy,
True,True,hogs,8,ignored,all,
True,True,hogs,8,ipf,dummy,120.0
False,,ostriches,8,,all,
False,,ostriches,8,,dummy,
False,,partridges,8,,all,
False,,partridges,8,,dummy,
False,,peafowl,8,,all,
False,,peafowl,8,,dummy,
False,,pheasants,8,,all,
False,,pheasants,8,,dummy,
False,,pigeons,8,,all,
False,,pigeons,8,,dummy,
False,,poultry-other,8,,all,
False,,poultry-other,8,,dummy,
False,,quail,8,,all,
False,,quail,8,,dummy,
False,,rheas,8,,all,
False,,rheas,8,,dummy,
True,True,sheep,8,ignored,all,
True,True,sheep,8,ipf,dummy,73.0
False,,turkeys,8,,all,
False,,turkeys,8,,dummy,
True,True,cattle,9,ignored,all,
True,True,cattle,9,ipf,beef,75.0
True,True,cattle,9,ipf,milk,93.0
True,True,cattle,9,ipf,other,59.0
False,,chukars,9,,all,
False,,chukars,9,,dummy,
False,,ckn-broilers,9,,all,
False,,ckn-broilers,9,,dummy,
True,False,ckn-layers,9,,all,
True,False,ckn-layers,9,,dummy,
False,,ckn-pullets,9,,all,
False,,ckn-pullets,9,,dummy,
False,,ckn-roosters,9,,all,
False,,ckn-roosters,9,,dummy,
False,,ducks,9,,all,
False,,ducks,9,,dummy,
False,,emus,9,,all,
False,,emus,9,,dummy,
False,,geese,9,,all,
False,,geese,9,,dummy,
False,,guineas,9,,all,
False,,guineas,9,,dummy,
True,True,hogs,9,ignored,all,
True,True,hogs,9,ipf,dummy,223.0
False,,peafowl,9,,all,
False,,peafowl,9,,dummy,
False,,pheasants,9,,all,
False,,pheasants,9,,dummy,
False,,pigeons,9,,all,
False,,pigeons,9,,dummy,
False,,poultry-other,9,,all,
False,,poultry-other,9,,dummy,
False,,quail,9,,all,
False,,quail,9,,dummy,
True,True,sheep,9,ignored,all,
True,True,sheep,9,ipf,dummy,24.0
False,,turkeys,9,,all,
False,,turkeys,9,,dummy,
True,True,cattle,10,ignored,all,
True,True,cattle,10,ipf,beef,1.0
True,True,cattle,10,ipf,milk,9.0
True,True,cattle,10,ipf,other,34.0
False,,chukars,10,,all,
False,,chukars,10,,dummy,
False,,ckn-broilers,10,,all,
False,,ckn-broilers,10,,dummy,
True,False,ckn-layers,10,,all,
True,False,ckn-layers,10,,dummy,
False,,ckn-pullets,10,,all,
False,,ckn-pullets,10,,dummy,
False,,ckn-roosters,10,,all,
False,,ckn-roosters,10,,dummy,
False,,ducks,10,,all,
False,,ducks,10,,dummy,
False,,emus,10,,all,
False,,emus,10,,dummy,
False,,geese,10,,all,
False,,geese,10,,dummy,
False,,guineas,10,,all,
False,,guineas,10,,dummy,
True,True,hogs,10,ignored,all,
True,True,hogs,10,ipf,dummy,14.0
False,,peafowl,10,,all,
False,,peafowl,10,,dummy,
False,,pheasants,10,,all,
False,,pheasants,10,,dummy,
False,,pigeons,10,,all,
False,,pigeons,10,,dummy,
False,,quail,10,,all,
False,,quail,10,,dummy,
True,True,sheep,10,ignored,all,
True,True,sheep,10,ipf,dummy,7.0
False,,turkeys,10,,all,
False,,turkeys,10,,dummy,
True,True,cattle,12,ignored,all,
True,True,cattle,12,ipf,beef,140.0
True,True,cattle,12,ipf,milk,148.0
True,True,cattle,12,ipf,other,53.0
False,,chukars,12,,all,
False,,chukars,12,,dummy,
False,,ckn-broilers,12,,all,
False,,ckn-broilers,12,,dummy,
True,False,ckn-layers,12,,all,
True,False,ckn-layers,12,,dummy,
False,,ckn-pullets,12,,all,
False,,ckn-pullets,12,,dummy,
False,,ckn-roosters,12,,all,
False,,ckn-roosters,12,,dummy,
False,,ducks,12,,all,
False,,ducks,12,,dummy,
False,,emus,12,,all,
False,,emus,12,,dummy,
False,,geese,12,,all,
False,,geese,12,,dummy,
False,,guineas,12,,all,
False,,guineas,12,,dummy,
True,True,hogs,12,ignored,all,
True,True,hogs,12,ipf,dummy,120.0
False,,ostriches,12,,all,
False,,ostriches,12,,dummy,
False,,partridges,12,,all,
False,,partridges,12,,dummy,
False,,peafowl,12,,all,
False,,peafowl,12,,dummy,
False,,pheasants,12,,all,
False,,pheasants,12,,dummy,
False,,pigeons,12,,all,
False,,pigeons,12,,dummy,
False,,poultry-other,12,,all,
False,,poultry-other,12,,dummy,
False,,quail,12,,all,
False,,quail,12,,dummy,
False,,rheas,12,,all,
False,,rheas,12,,dummy,
True,True,sheep,12,ignored,all,
True,True,sheep,12,ipf,dummy,32.0
False,,turkeys,12,,all,
False,,turkeys,12,,dummy,
True,True,cattle,13,ignored,all,
True,True,cattle,13,ipf,beef,44.0
True,True,cattle,13,ipf,milk,332.0
True,True,cattle,13,ipf,other,63.0
False,,chukars,13,,all,
False,,chukars,13,,dummy,
False,,ckn-broilers,13,,all,
False,,ckn-broilers,13,,dummy,
True,False,ckn-layers,13,,all,
True,False,ckn-layers,13,,dummy,
False,,ckn-pullets,13,,all,
False,,ckn-pullets,13,,dummy,
False,,ckn-roosters,13,,all,
False,,ckn-roosters,13,,dummy,
False,,ducks,13,,all,
False,,ducks,13,,dummy,
False,,emus,13,,all,
False,,emus,13,,dummy,
False,,geese,13,,all,
False,,geese,13,,dummy,
False,,guineas,13,,all,
False,,guineas,13,,dummy,
True,True,hogs,13,ignored,all,
True,True,hogs,13,ipf,dummy,501.0
False,,ostriches,13,,all,
False,,ostriches,13,,dummy,
False,,partridges,13,,all,
False,,partridges,13,,dummy,
False,,peafowl,13,,all,
False,,peafowl,13,,dummy,
False,,pheasants,13,,all,
False,,pheasants,13,,dummy,
False,,pigeons,13,,all,
False,,pigeons,13,,dummy,
False,,poultry-other,13,,all,
False,,poultry-other,13,,dummy,
False,,quail,13,,all,
False,,quail,13,,dummy,
False,,rheas,13,,all,
False,,rheas,13,,dummy,
True,True,sheep,13,ignored,all,
True,True,sheep,13,ipf,dummy,2.0
False,,turkeys,13,,all,
False,,turkeys,13,,dummy,
True,True,cattle,15,ignored,all,
True,True,cattle,15,ipf,beef,4.0
True,True,cattle,15,ipf,milk,2.0
True,True,cattle,15,ipf,other,21.0
False,,ckn-broilers,15,,all,
False,,ckn-broilers,15,,dummy,
True,False,ckn-layers,15,,all,
True,False,ckn-layers,15,,dummy,
False,,ckn-pullets,15,,all,
False,,ckn-pullets,15,,dummy,
False,,ckn-roosters,15,,all,
False,,ckn-roosters,15,,dummy,
False,,ducks,15,,all,
False,,ducks,15,,dummy,
False,,geese,15,,all,
False,,geese,15,,dummy,
False,,guineas,15,,all,
False,,guineas,15,,dummy,
True,True,hogs,15,ignored,all,
True,True,hogs,15,ipf,dummy,18.0
False,,peafowl,15,,all,
False,,peafowl,15,,dummy,
False,,pheasants,15,,all,
False,,pheasants,15,,dummy,
False,,pigeons,15,,all,
False,,pigeons,15,,dummy,
False,,poultry-other,15,,all,
False,,poultry-other,15,,dummy,
False,,quail,15,,all,
False,,quail,15,,dummy,
True,True,sheep,15,ignored,all,
True,True,sheep,15,ipf,dummy,32.0
False,,turkeys,15,,all,
False,,turkeys,15,,dummy,
True,True,cattle,16,ignored,all,
True,True,cattle,16,ipf,beef,38.0
True,True,cattle,16,ipf,milk,145.0
True,True,cattle,16,ipf,other,93.0
False,,chukars,16,,all,
False,,chukars,16,,dummy,
False,,ckn-broilers,16,,all,
False,,ckn-broilers,16,,dummy,
True,False,ckn-layers,16,,all,
True,False,ckn-layers,16,,dummy,
False,,ckn-pullets,16,,all,
False,,ckn-pullets,16,,dummy,
False,,ckn-roosters,16,,all,
False,,ckn-roosters,16,,dummy,
False,,ducks,16,,all,
False,,ducks,16,,dummy,
False,,emus,16,,all,
False,,emus,16,,dummy,
False,,geese,16,,all,
False,,geese,16,,dummy,
False,,guineas,16,,all,
False,,guineas,16,,dummy,
True,True,hogs,16,ignored,all,
True,True,hogs,16,ipf,dummy,125.0
False,,partridges,16,,all,
False,,partridges,16,,dummy,
False,,peafowl,16,,all,
False,,peafowl,16,,dummy,
False,,pheasants,16,,all,
False,,pheasants,16,,dummy,
False,,pigeons,16,,all,
False,,pigeons,16,,dummy,
False,,poultry-other,16,,all,
False,,poultry-other,16,,dummy,
False,,quail,16,,all,
False,,quail,16,,dummy,
True,True,sheep,16,ignored,all,
True,True,sheep,16,ipf,dummy,87.0
False,,turkeys,16,,all,
False,,turkeys,16,,dummy,
True,True,cattle,17,ignored,all,
True,True,cattle,17,ipf,beef,19.0
True,True,cattle,17,ipf,milk,248.0
True,True,cattle,17,ipf,other,76.0
False,,chukars,17,,all,
False,,chukars,17,,dummy,
False,,ckn-broilers,17,,all,
False,,ckn-broilers,17,,dummy,
True,False,ckn-layers,17,,all,
True,False,ckn-layers,17,,dummy,
False,,ckn-pullets,17,,all,
False,,ckn-pullets,17,,dummy,
False,,ckn-roosters,17,,all,
False,,ckn-roosters,17,,dummy,
False,,ducks,17,,all,
False,,ducks,17,,dummy,
False,,emus,17,,all,
False,,emus,17,,dummy,
False,,geese,17,,all,
False,,geese,17,,dummy,
False,,guineas,17,,all,
False,,guineas,17,,dummy,
True,True,hogs,17,ignored,all,
True,True,hogs,17,ipf,dummy,103.0
False,,ostriches,17,,all,
False,,ostriches,17,,dummy,
False,,peafowl,17,,all,
False,,peafowl,17,,dummy,
False,,pheasants,17,,all,
False,,pheasants,17,,dummy,
False,,pigeons,17,,all,
False,,pigeons,17,,dummy,
False,,poultry-other,17,,all,
False,,poultry-other,17,,dummy,
False,,quail,17,,all,
False,,quail,17,,dummy,
False,,rheas,17,,all,
False,,rheas,17,,dummy,
True,True,sheep,17,ignored,all,
True,True,sheep,17,ipf,dummy,34.0
False,,turkeys,17,,all,
False,,turkeys,17,,dummy,
True,True,cattle,18,ignored,all,
True,True,cattle,18,ipf,beef,218.0
True,True,cattle,18,ipf,milk,71.0
True,True,cattle,18,ipf,other,59.0
False,,chukars,18,,all,
False,,chukars,18,,dummy,
False,,ckn-broilers,18,,all,
False,,ckn-broilers,18,,dummy,
True,False,ckn-layers,18,,all,
True,False,ckn-layers,18,,dummy,
False,,ckn-pullets,18,,all,
False,,ckn-pullets,18,,dummy,
False,,ckn-roosters,18,,all,
False,,ckn-roosters,18,,dummy,
False,,ducks,18,,all,
False,,ducks,18,,dummy,
False,,emus,18,,all,
False,,emus,18,,dummy,
False,,geese,18,,all,
False,,geese,18,,dummy,
False,,guineas,18,,all,
False,,guineas,18,,dummy,
True,True,hogs,18,ignored,all,
True,True,hogs,18,ipf,dummy,321.0
False,,ostriches,18,,all,
False,,ostriches,18,,dummy,
False,,peafowl,18,,all,
False,,peafowl,18,,dummy,
False,,pheasants,18,,all,
False,,pheasants,18,,dummy,
False,,pigeons,18,,all,
False,,pigeons,18,,dummy,
False,,quail,18,,all,
False,,quail,18,,dummy,
False,,rheas,18,,all,
False,,rheas,18,,dummy,
True,True,sheep,18,ignored,all,
True,True,sheep,18,ipf,dummy,7.0
False,,turkeys,18,,all,
False,,turkeys,18,,dummy,
True,True,cattle,19,ignored,all,
True,True,cattle,19,ipf,beef,17.0
True,True,cattle,19,ipf,milk,130.0
True,True,cattle,19,ipf,other,62.0
False,,chukars,19,,all,
False,,chukars,19,,dummy,
False,,ckn-broilers,19,,all,
False,,ckn-broilers,19,,dummy,
True,False,ckn-layers,19,,all,
True,False,ckn-layers,19,,dummy,
False,,ckn-pullets,19,,all,
False,,ckn-pullets,19,,dummy,
False,,ckn-roosters,19,,all,
False,,ckn-roosters,19,,dummy,
False,,ducks,19,,all,
False,,ducks,19,,dummy,
False,,emus,19,,all,
False,,emus,19,,dummy,
False,,geese,19,,all,
False,,geese,19,,dummy,
False,,guineas,19,,all,
False,,guineas,19,,dummy,
True,True,hogs,19,ignored,all,
True,True,hogs,19,ipf,dummy,202.0
False,,ostriches,19,,all,
False,,ostriches,19,,dummy,
False,,peafowl,19,,all,
False,,peafowl,19,,dummy,
False,,pheasants,19,,all,
False,,pheasants,19,,dummy,
False,,pigeons,19,,all,
False,,pigeons,19,,dummy,
False,,poultry-other,19,,all,
False,,poultry-other,19,,dummy,
False,,quail,19,,all,
False,,quail,19,,dummy,
True,True,sheep,19,ignored,all,
True,True,sheep,19,ipf,dummy,120.0
False,,turkeys,19,,all,
False,,turkeys,19,,dummy,
True,True,cattle,20,ignored,all,
True,True,cattle,20,ipf,beef,28.0
True,True,cattle,20,ipf,milk,152.0
True,True,cattle,20,ipf,other,46.0
False,,chukars,20,,all,
False,,chukars,20,,dummy,
False,,ckn-broilers,20,,all,
False,,ckn-broilers,20,,dummy,
True,False,ckn-layers,20,,all,
True,False,ckn-layers,20,,dummy,
False,,ckn-pullets,20,,all,
False,,ckn-pullets,20,,dummy,
False,,ckn-roosters,20,,all,
False,,ckn-roosters,20,,dummy,
False,,ducks,20,,all,
False,,ducks,20,,dummy,
False,,emus,20,,all,
False,,emus,20,,dummy,
False,,geese,20,,all,
False,,geese,20,,dummy,
False,,guineas,20,,all,
False,,guineas,20,,dummy,
True,True,hogs,20,ignored,all,
True,True,hogs,20,ipf,dummy,501.0
False,,partridges,20,,all,
False,,partridges,20,,dummy,
False,,peafowl,20,,all,
False,,peafowl,20,,dummy,
False,,pheasants,20,,all,
False,,pheasants,20,,dummy,
False,,pigeons,20,,all,
False,,pigeons,20,,dummy,
False,,quail,20,,all,
False,,quail,20,,dummy,
True,True,sheep,20,ignored,all,
True,True,sheep,20,ipf,dummy,166.0
False,,turkeys,20,,all,
False,,turkeys,20,,dummy,
True,True,cattle,21,ignored,all,
True,True,cattle,21,ipf,beef,72.0
True,True,cattle,21,ipf,milk,89.0
True,True,cattle,21,ipf,other,66.0
False,,chukars,21,,all,
False,,chukars,21,,dummy,
False,,ckn-broilers,21,,all,
False,,ckn-broilers,21,,dummy,
True,False,ckn-layers,21,,all,
True,False,ckn-layers,21,,dummy,
False,,ckn-pullets,21,,all,
False,,ckn-pullets,21,,dummy,
False,,ckn-roosters,21,,all,
False,,ckn-roosters,21,,dummy,
False,,ducks,21,,all,
False,,ducks,21,,dummy,
False,,emus,21,,all,
False,,emus,21,,dummy,
False,,geese,21,,all,
False,,geese,21,,dummy,
False,,guineas,21,,all,
False,,guineas,21,,dummy,
True,True,hogs,21,ignored,all,
True,True,hogs,21,ipf,dummy,362.0
False,,ostriches,21,,all,
False,,ostriches,21,,dummy,
False,,peafowl,21,,all,
False,,peafowl,21,,dummy,
False,,pheasants,21,,all,
False,,pheasants,21,,dummy,
False,,pigeons,21,,all,
False,,pigeons,21,,dummy,
False,,poultry-other,21,,all,
False,,poultry-other,21,,dummy,
False,,quail,21,,all,
False,,quail,21,,dummy,
False,,rheas,21,,all,
False,,rheas,21,,dummy,
True,True,sheep,21,ignored,all,
True,True,sheep,21,ipf,dummy,501.0
False,,turkeys,21,,all,
False,,turkeys,21,,dummy,
True,True,cattle,22,ignored,all,
True,True,cattle,22,ipf,beef,153.0
True,True,cattle,22,ipf,milk,165.0
True,True,cattle,22,ipf,other,75.0
False,,chukars,22,,all,
False,,chukars,22,,dummy,
False,,ckn-broilers,22,,all,
False,,ckn-broilers,22,,dummy,
True,False,ckn-layers,22,,all,
True,False,ckn-layers,22,,dummy,
False,,ckn-pullets,22,,all,
False,,ckn-pullets,22,,dummy,
False,,ckn-roosters,22,,all,
False,,ckn-roosters,22,,dummy,
False,,ducks,22,,all,
False,,ducks,22,,dummy,
False,,emus,22,,all,
False,,emus,22,,dummy,
False,,geese,22,,all,
False,,geese,22,,dummy,
False,,guineas,22,,all,
False,,guineas,22,,dummy,
True,True,hogs,22,ignored,all,
True,True,hogs,22,ipf,dummy,70.0
False,,ostriches,22,,all,
False,,ostriches,22,,dummy,
False,,peafowl,22,,all,
False,,peafowl,22,,dummy,
False,,pheasants,22,,all,
False,,pheasants,22,,dummy,
False,,pigeons,22,,all,
False,,pigeons,22,,dummy,
False,,poultry-other,22,,all,
False,,poultry-other,22,,dummy,
False,,quail,22,,all,
False,,quail,22,,dummy,
False,,rheas,22,,all,
False,,rheas,22,,dummy,
True,True,sheep,22,ignored,all,
True,True,sheep,22,ipf,dummy,59.0
False,,turkeys,22,,all,
False,,turkeys,22,,dummy,
True,True,cattle,23,ignored,all,
True,True,cattle,23,ipf,beef,101.0
True,True,cattle,23,ipf,milk,68.0
True,True,cattle,23,ipf,other,66.0
False,,chukars,23,,all,
False,,chukars,23,,dummy,
False,,ckn-broilers,23,,all,
False,,ckn-broilers,23,,dummy,
True,False,ckn-layers,23,,all,
True,False,ckn-layers,23,,dummy,
False,,ckn-pullets,23,,all,
False,,ckn-pullets,23,,dummy,
False,,ckn-roosters,23,,all,
False,,ckn-roosters,23,,dummy,
False,,ducks,23,,all,
False,,ducks,23,,dummy,
False,,emus,23,,all,
False,,emus,23,,dummy,
False,,geese,23,,all,
False,,geese,23,,dummy,
False,,guineas,23,,all,
False,,guineas,23,,dummy,
True,True,hogs,23,ignored,all,
True,True,hogs,23,ipf,dummy,34.0
False,,partridges,23,,all,
False,,partridges,23,,dummy,
False,,peafowl,23,,all,
False,,peafowl,23,,dummy,
False,,pheasants,23,,all,
False,,pheasants,23,,dummy,
False,,pigeons,23,,all,
False,,pigeons,23,,dummy,
False,,quail,23,,all,
False,,quail,23,,dummy,
True,True,sheep,23,ignored,all,
True,True,sheep,23,ipf,dummy,40.0
False,,turkeys,23,,all,
False,,turkeys,23,,dummy,
True,True,cattle,24,ignored,all,
True,True,cattle,24,ipf,beef,314.0
True,True,cattle,24,ipf,milk,67.0
True,True,cattle,24,ipf,other,146.0
False,,chukars,24,,all,
False,,chukars,24,,dummy,
False,,ckn-broilers,24,,all,
False,,ckn-broilers,24,,dummy,
True,False,ckn-layers,24,,all,
True,False,ckn-layers,24,,dummy,
False,,ckn-pullets,24,,all,
False,,ckn-pullets,24,,dummy,
False,,ckn-roosters,24,,all,
False,,ckn-roosters,24,,dummy,
False,,ducks,24,,all,
False,,ducks,24,,dummy,
False,,emus,24,,all,
False,,emus,24,,dummy,
False,,geese,24,,all,
False,,geese,24,,dummy,
False,,guineas,24,,all,
False,,guineas,24,,dummy,
True,True,hogs,24,ignored,all,
True,True,hogs,24,ipf,dummy,66.0
False,,ostriches,24,,all,
False,,ostriches,24,,dummy,
False,,peafowl,24,,all,
False,,peafowl,24,,dummy,
False,,pheasants,24,,all,
False,,pheasants,24,,dummy,
False,,pigeons,24,,all,
False,,pigeons,24,,dummy,
False,,poultry-other,24,,all,
False,,poultry-other,24,,dummy,
False,,quail,24,,all,
False,,quail,24,,dummy,
False,,rheas,24,,all,
False,,rheas,24,,dummy,
True,True,sheep,24,ignored,all,
True,True,sheep,24,ipf,dummy,34.0
False,,turkeys,24,,all,
False,,turkeys,24,,dummy,
True,True,cattle,25,ignored,all,
True,True,cattle,25,ipf,beef,13.0
True,True,cattle,25,ipf,milk,20.0
True,True,cattle,25,ipf,other,79.0
False,,chukars,25,,all,
False,,chukars,25,,dummy,
False,,ckn-broilers,25,,all,
False,,ckn-broilers,25,,dummy,
True,False,ckn-layers,25,,all,
True,False,ckn-layers,25,,dummy,
False,,ckn-pullets,25,,all,
False,,ckn-pullets,25,,dummy,
False,,ckn-roosters,25,,all,
False,,ckn-roosters,25,,dummy,
False,,ducks,25,,all,
False,,ducks,25,,dummy,
False,,emus,25,,all,
False,,emus,25,,dummy,
False,,geese,25,,all,
False,,geese,25,,dummy,
False,,guineas,25,,all,
False,,guineas,25,,dummy,
True,True,hogs,25,ignored,all,
True,True,hogs,25,ipf,dummy,86.0
False,,partridges,25,,all,
False,,partridges,25,,dummy,
False,,peafowl,25,,all,
False,,peafowl,25,,dummy,
False,,pheasants,25,,all,
False,,pheasants,25,,dummy,
False,,pigeons,25,,all,
False,,pigeons,25,,dummy,
False,,poultry-other,25,,all,
False,,poultry-other,25,,dummy,
False,,quail,25,,all,
False,,quail,25,,dummy,
True,True,sheep,25,ignored,all,
True,True,sheep,25,ipf,dummy,27.0
False,,turkeys,25,,all,
False,,turkeys,25,,dummy,
True,True,cattle,26,ignored,all,
True,True,cattle,26,ipf,beef,57.0
True,True,cattle,26,ipf,milk,57.0
True,True,cattle,26,ipf,other,69.0
False,,chukars,26,,all,
False,,chukars,26,,dummy,
False,,ckn-broilers,26,,all,
False,,ckn-broilers,26,,dummy,
True,False,ckn-layers,26,,all,
True,False,ckn-layers,26,,dummy,
False,,ckn-pullets,26,,all,
False,,ckn-pullets,26,,dummy,
False,,ckn-roosters,26,,all,
False,,ckn-roosters,26,,dummy,
False,,ducks,26,,all,
False,,ducks,26,,dummy,
False,,emus,26,,all,
False,,emus,26,,dummy,
False,,geese,26,,all,
False,,geese,26,,dummy,
False,,guineas,26,,all,
False,,guineas,26,,dummy,
True,True,hogs,26,ignored,all,
True,True,hogs,26,ipf,dummy,131.0
False,,ostriches,26,,all,
False,,ostriches,26,,dummy,
False,,peafowl,26,,all,
False,,peafowl,26,,dummy,
False,,pheasants,26,,all,
False,,pheasants,26,,dummy,
False,,pigeons,26,,all,
False,,pigeons,26,,dummy,
False,,poultry-other,26,,all,
False,,poultry-other,26,,dummy,
False,,quail,26,,all,
False,,quail,26,,dummy,
False,,rheas,26,,all,
False,,rheas,26,,dummy,
True,True,sheep,26,ignored,all,
True,True,sheep,26,ipf,dummy,107.0
False,,turkeys,26,,all,
False,,turkeys,26,,dummy,
True,True,cattle,27,ignored,all,
True,True,cattle,27,ipf,beef,76.0
True,True,cattle,27,ipf,milk,71.0
True,True,cattle,27,ipf,other,81.0
False,,chukars,27,,all,
False,,chukars,27,,dummy,
False,,ckn-broilers,27,,all,
False,,ckn-broilers,27,,dummy,
True,False,ckn-layers,27,,all,
True,False,ckn-layers,27,,dummy,
False,,ckn-pullets,27,,all,
False,,ckn-pullets,27,,dummy,
False,,ckn-roosters,27,,all,
False,,ckn-roosters,27,,dummy,
False,,ducks,27,,all,
False,,ducks,27,,dummy,
False,,emus,27,,all,
False,,emus,27,,dummy,
False,,geese,27,,all,
False,,geese,27,,dummy,
False,,guineas,27,,all,
False,,guineas,27,,dummy,
True,True,hogs,27,ignored,all,
True,True,hogs,27,ipf,dummy,136.0
False,,ostriches,27,,all,
False,,ostriches,27,,dummy,
False,,partridges,27,,all,
False,,partridges,27,,dummy,
False,,peafowl,27,,all,
False,,peafowl,27,,dummy,
False,,pheasants,27,,all,
False,,pheasants,27,,dummy,
False,,pigeons,27,,all,
False,,pigeons,27,,dummy,
False,,quail,27,,all,
False,,quail,27,,dummy,
True,True,sheep,27,ignored,all,
True,True,sheep,27,ipf,dummy,98.0
False,,turkeys,27,,all,
False,,turkeys,27,,dummy,
True,True,cattle,28,ignored,all,
True,True,cattle,28,ipf,beef,113.0
True,True,cattle,28,ipf,milk,3.0
True,True,cattle,28,ipf,other,50.0
False,,chukars,28,,all,
False,,chukars,28,,dummy,
False,,ckn-broilers,28,,all,
False,,ckn-broilers,28,,dummy,
True,False,ckn-layers,28,,all,
True,False,ckn-layers,28,,dummy,
False,,ckn-pullets,28,,all,
False,,ckn-pullets,28,,dummy,
False,,ckn-roosters,28,,all,
False,,ckn-roosters,28,,dummy,
False,,ducks,28,,all,
False,,ducks,28,,dummy,
False,,emus,28,,all,
False,,emus,28,,dummy,
False,,geese,28,,all,
False,,geese,28,,dummy,
False,,guineas,28,,all,
False,,guineas,28,,dummy,
True,True,hogs,28,ignored,all,
True,True,hogs,28,ipf,dummy,130.0
False,,peafowl,28,,all,
False,,peafowl,28,,dummy,
False,,pheasants,28,,all,
False,,pheasants,28,,dummy,
False,,pigeons,28,,all,
False,,pigeons,28,,dummy,
False,,poultry-other,28,,all,
False,,poultry-other,28,,dummy,
False,,quail,28,,all,
False,,quail,28,,dummy,
False,,rheas,28,,all,
False,,rheas,28,,dummy,
True,True,sheep,28,ignored,all,
True,True,sheep,28,ipf,dummy,72.0
False,,turkeys,28,,all,
False,,turkeys,28,,dummy,
True,True,cattle,29,ignored,all,
True,True,cattle,29,ipf,beef,70.0
True,True,cattle,29,ipf,milk,131.0
True,True,cattle,29,ipf,other,55.0
False,,chukars,29,,all,
False,,chukars,29,,dummy,
False,,ckn-broilers,29,,all,
False,,ckn-broilers,29,,dummy,
True,False,ckn-layers,29,,all,
True,False,ckn-layers,29,,dummy,
False,,ckn-pullets,29,,all,
False,,ckn-pullets,29,,dummy,
False,,ckn-roosters,29,,all,
False,,ckn-roosters,29,,dummy,
False,,ducks,29,,all,
False,,ducks,29,,dummy,
False,,emus,29,,all,
False,,emus,29,,dummy,
False,,geese,29,,all,
False,,geese,29,,dummy,
False,,guineas,29,,all,
False,,guineas,29,,dummy,
True,True,hogs,29,ignored,all,
True,True,hogs,29,ipf,dummy,106.0
False,,ostriches,29,,all,
False,,ostriches,29,,dummy,
False,,partridges,29,,all,
False,,partridges,29,,dummy,
False,,peafowl,29,,all,
False,,peafowl,29,,dummy,
False,,pheasants,29,,all,
False,,pheasants,29,,dummy,
False,,pigeons,29,,all,
False,,pigeons,29,,dummy,
False,,poultry-other,29,,all,
False,,poultry-other,29,,dummy,
False,,quail,29,,all,
False,,quail,29,,dummy,
False,,rheas,29,,all,
False,,rheas,29,,dummy,
True,True,sheep,29,ignored,all,
True,True,sheep,29,ipf,dummy,73.0
False,,turkeys,29,,all,
False,,turkeys,29,,dummy,
True,True,cattle,30,ignored,all,
True,True,cattle,30,ipf,beef,37.0
True,True,cattle,30,ipf,milk,21.0
True,True,cattle,30,ipf,other,68.0
False,,chukars,30,,all,
False,,chukars,30,,dummy,
False,,ckn-broilers,30,,all,
False,,ckn-broilers,30,,dummy,
True,False,ckn-layers,30,,all,
True,False,ckn-layers,30,,dummy,
False,,ckn-pullets,30,,all,
False,,ckn-pullets,30,,dummy,
False,,ckn-roosters,30,,all,
False,,ckn-roosters,30,,dummy,
False,,ducks,30,,all,
False,,ducks,30,,dummy,
False,,emus,30,,all,
False,,emus,30,,dummy,
False,,geese,30,,all,
False,,geese,30,,dummy,
False,,guineas,30,,all,
False,,guineas,30,,dummy,
True,True,hogs,30,ignored,all,
True,True,hogs,30,ipf,dummy,427.0
False,,peafowl,30,,all,
False,,peafowl,30,,dummy,
False,,pheasants,30,,all,
False,,pheasants,30,,dummy,
False,,pigeons,30,,all,
False,,pigeons,30,,dummy,
False,,poultry-other,30,,all,
False,,poultry-other,30,,dummy,
False,,quail,30,,all,
False,,quail,30,,dummy,
True,True,sheep,30,ignored,all,
True,True,sheep,30,ipf,dummy,54.0
False,,turkeys,30,,all,
False,,turkeys,30,,dummy,
True,True,cattle,31,ignored,all,
True,True,cattle,31,ipf,beef,37.0
True,True,cattle,31,ipf,milk,87.0
True,True,cattle,31,ipf,other,51.0
False,,chukars,31,,all,
False,,chukars,31,,dummy,
False,,ckn-broilers,31,,all,
False,,ckn-broilers,31,,dummy,
True,False,ckn-layers,31,,all,
True,False,ckn-layers,31,,dummy,
False,,ckn-pullets,31,,all,
False,,ckn-pullets,31,,dummy,
False,,ckn-roosters,31,,all,
False,,ckn-roosters,31,,dummy,
False,,ducks,31,,all,
False,,ducks,31,,dummy,
False,,emus,31,,all,
False,,emus,31,,dummy,
False,,geese,31,,all,
False,,geese,31,,dummy,
False,,guineas,31,,all,
False,,guineas,31,,dummy,
True,True,hogs,31,ignored,all,
True,True,hogs,31,ipf,dummy,106.0
False,,partridges,31,,all,
False,,partridges,31,,dummy,
False,,peafowl,31,,all,
False,,peafowl,31,,dummy,
False,,pheasants,31,,all,
False,,pheasants,31,,dummy,
False,,pigeons,31,,all,
False,,pigeons,31,,dummy,
False,,poultry-other,31,,all,
False,,poultry-other,31,,dummy,
False,,quail,31,,all,
False,,quail,31,,dummy,
True,True,sheep,31,ignored,all,
True,True,sheep,31,ipf,dummy,117.0
False,,turkeys,31,,all,
False,,turkeys,31,,dummy,
True,True,cattle,32,ignored,all,
True,True,cattle,32,ipf,beef,10.0
True,True,cattle,32,ipf,milk,31.0
True,True,cattle,32,ipf,other,349.0
False,,chukars,32,,all,
False,,chukars,32,,dummy,
False,,ckn-broilers,32,,all,
False,,ckn-broilers,32,,dummy,
True,False,ckn-layers,32,,all,
True,False,ckn-layers,32,,dummy,
False,,ckn-pullets,32,,all,
False,,ckn-pullets,32,,dummy,
False,,ckn-roosters,32,,all,
False,,ckn-roosters,32,,dummy,
False,,ducks,32,,all,
False,,ducks,32,,dummy,
False,,emus,32,,all,
False,,emus,32,,dummy,
False,,geese,32,,all,
False,,geese,32,,dummy,
False,,guineas,32,,all,
False,,guineas,32,,dummy,
True,True,hogs,32,ignored,all,
True,True,hogs,32,ipf,dummy,51.0
False,,peafowl,32,,all,
False,,peafowl,32,,dummy,
False,,pheasants,32,,all,
False,,pheasants,32,,dummy,
False,,pigeons,32,,all,
False,,pigeons,32,,dummy,
False,,quail,32,,all,
False,,quail,32,,dummy,
True,True,sheep,32,ignored,all,
True,True,sheep,32,ipf,dummy,47.0
False,,turkeys,32,,all,
False,,turkeys,32,,dummy,
True,True,cattle,33,ignored,all,
True,True,cattle,33,ipf,beef,19.0
True,True,cattle,33,ipf,milk,54.0
True,True,cattle,33,ipf,other,59.0
False,,chukars,33,,all,
False,,chukars,33,,dummy,
False,,ckn-broilers,33,,all,
False,,ckn-broilers,33,,dummy,
True,False,ckn-layers,33,,all,
True,False,ckn-layers,33,,dummy,
False,,ckn-pullets,33,,all,
False,,ckn-pullets,33,,dummy,
False,,ckn-roosters,33,,all,
False,,ckn-roosters,33,,dummy,
False,,ducks,33,,all,
False,,ducks,33,,dummy,
False,,geese,33,,all,
False,,geese,33,,dummy,
False,,guineas,33,,all,
False,,guineas,33,,dummy,
True,True,hogs,33,ignored,all,
True,True,hogs,33,ipf,dummy,49.0
False,,ostriches,33,,all,
False,,ostriches,33,,dummy,
False,,peafowl,33,,all,
False,,peafowl,33,,dummy,
False,,pheasants,33,,all,
False,,pheasants,33,,dummy,
False,,pigeons,33,,all,
False,,pigeons,33,,dummy,
False,,quail,33,,all,
False,,quail,33,,dummy,
True,True,sheep,33,ignored,all,
True,True,sheep,33,ipf,dummy,23.0
False,,turkeys,33,,all,
False,,turkeys,33,,dummy,
True,True,cattle,34,ignored,all,
True,True,cattle,34,ipf,beef,55.0
True,True,cattle,34,ipf,milk,444.0
True,True,cattle,34,ipf,other,97.0
False,,chukars,34,,all,
False,,chukars,34,,dummy,
False,,ckn-broilers,34,,all,
False,,ckn-broilers,34,,dummy,
True,False,ckn-layers,34,,all,
True,False,ckn-layers,34,,dummy,
False,,ckn-pullets,34,,all,
False,,ckn-pullets,34,,dummy,
False,,ckn-roosters,34,,all,
False,,ckn-roosters,34,,dummy,
False,,ducks,34,,all,
False,,ducks,34,,dummy,
False,,emus,34,,all,
False,,emus,34,,dummy,
False,,geese,34,,all,
False,,geese,34,,dummy,
False,,guineas,34,,all,
False,,guineas,34,,dummy,
True,True,hogs,34,ignored,all,
True,True,hogs,34,ipf,dummy,109.0
False,,ostriches,34,,all,
False,,ostriches,34,,dummy,
False,,peafowl,34,,all,
False,,peafowl,34,,dummy,
False,,pheasants,34,,all,
False,,pheasants,34,,dummy,
False,,pigeons,34,,all,
False,,pigeons,34,,dummy,
False,,poultry-other,34,,all,
False,,poultry-other,34,,dummy,
False,,quail,34,,all,
False,,quail,34,,dummy,
False,,rheas,34,,all,
False,,rheas,34,,dummy,
True,True,sheep,34,ignored,all,
True,True,sheep,34,ipf,dummy,29.0
False,,turkeys,34,,all,
False,,turkeys,34,,dummy,
True,True,cattle,35,ignored,all,
True,True,cattle,35,ipf,beef,52.0
True,True,cattle,35,ipf,milk,17.0
True,True,cattle,35,ipf,other,71.0
False,,chukars,35,,all,
False,,chukars,35,,dummy,
False,,ckn-broilers,35,,all,
False,,ckn-broilers,35,,dummy,
True,False,ckn-layers,35,,all,
True,False,ckn-layers,35,,dummy,
False,,ckn-pullets,35,,all,
False,,ckn-pullets,35,,dummy,
False,,ckn-roosters,35,,all,
False,,ckn-roosters,35,,dummy,
False,,ducks,35,,all,
False,,ducks,35,,dummy,
False,,emus,35,,all,
False,,emus,35,,dummy,
False,,geese,35,,all,
False,,geese,35,,dummy,
False,,guineas,35,,all,
False,,guineas,35,,dummy,
True,True,hogs,35,ignored,all,
True,True,hogs,35,ipf,dummy,21.0
False,,ostriches,35,,all,
False,,ostriches,35,,dummy,
False,,peafowl,35,,all,
False,,peafowl,35,,dummy,
False,,pheasants,35,,all,
False,,pheasants,35,,dummy,
False,,pigeons,35,,all,
False,,pigeons,35,,dummy,
False,,poultry-other,35,,all,
False,,poultry-other,35,,dummy,
False,,quail,35,,all,
False,,quail,35,,dummy,
True,True,sheep,35,ignored,all,
True,True,sheep,35,ipf,dummy,501.0
False,,turkeys,35,,all,
False,,turkeys,35,,dummy,
True,True,cattle,36,ignored,all,
True,True,cattle,36,ipf,beef,85.0
True,True,cattle,36,ipf,milk,73.0
True,True,cattle,36,ipf,other,46.0
False,,chukars,36,,all,
False,,chukars,36,,dummy,
False,,ckn-broilers,36,,all,
False,,ckn-broilers,36,,dummy,
True,False,ckn-layers,36,,all,
True,False,ckn-layers,36,,dummy,
False,,ckn-pullets,36,,all,
False,,ckn-pullets,36,,dummy,
False,,ckn-roosters,36,,all,
False,,ckn-roosters,36,,dummy,
False,,ducks,36,,all,
False,,ducks,36,,dummy,
False,,emus,36,,all,
False,,emus,36,,dummy,
False,,geese,36,,all,
False,,geese,36,,dummy,
False,,guineas,36,,all,
False,,guineas,36,,dummy,
True,True,hogs,36,ignored,all,
True,True,hogs,36,ipf,dummy,125.0
False,,partridges,36,,all,
False,,partridges,36,,dummy,
False,,peafowl,36,,all,
False,,peafowl,36,,dummy,
False,,pheasants,36,,all,
False,,pheasants,36,,dummy,
False,,pigeons,36,,all,
False,,pigeons,36,,dummy,
False,,poultry-other,36,,all,
False,,poultry-other,36,,dummy,
False,,quail,36,,all,
False,,quail,36,,dummy,
True,True,sheep,36,ignored,all,
True,True,sheep,36,ipf,dummy,98.0
False,,turkeys,36,,all,
False,,turkeys,36,,dummy,
True,True,cattle,37,ignored,all,
True,True,cattle,37,ipf,beef,142.0
True,True,cattle,37,ipf,milk,229.0
True,True,cattle,37,ipf,other,51.0
False,,chukars,37,,all,
False,,chukars,37,,dummy,
False,,ckn-broilers,37,,all,
False,,ckn-broilers,37,,dummy,
True,False,ckn-layers,37,,all,
True,False,ckn-layers,37,,dummy,
False,,ckn-pullets,37,,all,
False,,ckn-pullets,37,,dummy,
False,,ckn-roosters,37,,all,
False,,ckn-roosters,37,,dummy,
False,,ducks,37,,all,
False,,ducks,37,,dummy,
False,,emus,37,,all,
False,,emus,37,,dummy,
False,,geese,37,,all,
False,,geese,37,,dummy,
False,,guineas,37,,all,
False,,guineas,37,,dummy,
True,True,hogs,37,ignored,all,
True,True,hogs,37,ipf,dummy,139.0
False,,ostriches,37,,all,
False,,ostriches,37,,dummy,
False,,peafowl,37,,all,
False,,peafowl,37,,dummy,
False,,pheasants,37,,all,
False,,pheasants,37,,dummy,
False,,pigeons,37,,all,
False,,pigeons,37,,dummy,
False,,poultry-other,37,,all,
False,,poultry-other,37,,dummy,
False,,quail,37,,all,
False,,quail,37,,dummy,
False,,rheas,37,,all,
False,,rheas,37,,dummy,
True,True,sheep,37,ignored,all,
True,True,sheep,37,ipf,dummy,27.0
False,,turkeys,37,,all,
False,,turkeys,37,,dummy,
True,True,cattle,38,ignored,all,
True,True,cattle,38,ipf,beef,6.0
True,True,cattle,38,ipf,milk,15.0
True,True,cattle,38,ipf,other,80.0
False,,chukars,38,,all,
False,,chukars,38,,dummy,
False,,ckn-broilers,38,,all,
False,,ckn-broilers,38,,dummy,
True,False,ckn-layers,38,,all,
True,False,ckn-layers,38,,dummy,
False,,ckn-pullets,38,,all,
False,,ckn-pullets,38,,dummy,
False,,ckn-roosters,38,,all,
False,,ckn-roosters,38,,dummy,
False,,ducks,38,,all,
False,,ducks,38,,dummy,
False,,geese,38,,all,
False,,geese,38,,dummy,
False,,guineas,38,,all,
False,,guineas,38,,dummy,
True,True,hogs,38,ignored,all,
True,True,hogs,38,ipf,dummy,239.0
False,,partridges,38,,all,
False,,partridges,38,,dummy,
False,,peafowl,38,,all,
False,,peafowl,38,,dummy,
False,,pheasants,38,,all,
False,,pheasants,38,,dummy,
False,,pigeons,38,,all,
False,,pigeons,38,,dummy,
False,,quail,38,,all,
False,,quail,38,,dummy,
True,True,sheep,38,ignored,all,
True,True,sheep,38,ipf,dummy,105.0
False,,turkeys,38,,all,
False,,turkeys,38,,dummy,
True,True,cattle,39,ignored,all,
True,True,cattle,39,ipf,beef,16.0
True,True,cattle,39,ipf,milk,52.0
True,True,cattle,39,ipf,other,51.0
False,,chukars,39,,all,
False,,chukars,39,,dummy,
False,,ckn-broilers,39,,all,
False,,ckn-broilers,39,,dummy,
True,False,ckn-layers,39,,all,
True,False,ckn-layers,39,,dummy,
False,,ckn-pullets,39,,all,
False,,ckn-pullets,39,,dummy,
False,,ckn-roosters,39,,all,
False,,ckn-roosters,39,,dummy,
False,,ducks,39,,all,
False,,ducks,39,,dummy,
False,,emus,39,,all,
False,,emus,39,,dummy,
False,,geese,39,,all,
False,,geese,39,,dummy,
False,,guineas,39,,all,
False,,guineas,39,,dummy,
True,True,hogs,39,ignored,all,
True,True,hogs,39,ipf,dummy,88.0
False,,ostriches,39,,all,
False,,ostriches,39,,dummy,
False,,partridges,39,,all,
False,,partridges,39,,dummy,
False,,peafowl,39,,all,
False,,peafowl,39,,dummy,
False,,pheasants,39,,all,
False,,pheasants,39,,dummy,
False,,pigeons,39,,all,
False,,pigeons,39,,dummy,
False,,poultry-other,39,,all,
False,,poultry-other,39,,dummy,
False,,quail,39,,all,
False,,quail,39,,dummy,
False,,rheas,39,,all,
False,,rheas,39,,dummy,
True,True,sheep,39,ignored,all,
True,True,sheep,39,ipf,dummy,76.0
False,,turkeys,39,,all,
False,,turkeys,39,,dummy,
True,True,cattle,40,ignored,all,
True,True,cattle,40,ipf,beef,45.0
True,True,cattle,40,ipf,milk,136.0
True,True,cattle,40,ipf,other,7.0
False,,chukars,40,,all,
False,,chukars,40,,dummy,
False,,ckn-broilers,40,,all,
False,,ckn-broilers,40,,dummy,
True,False,ckn-layers,40,,all,
True,False,ckn-layers,40,,dummy,
False,,ckn-pullets,40,,all,
False,,ckn-pullets,40,,dummy,
False,,ckn-roosters,40,,all,
False,,ckn-roosters,40,,dummy,
False,,ducks,40,,all,
False,,ducks,40,,dummy,
False,,emus,40,,all,
False,,emus,40,,dummy,
False,,geese,40,,all,
False,,geese,40,,dummy,
False,,guineas,40,,all,
False,,guineas,40,,dummy,
True,True,hogs,40,ignored,all,
True,True,hogs,40,ipf,dummy,225.0
False,,ostriches,40,,all,
False,,ostriches,40,,dummy,
False,,peafowl,40,,all,
False,,peafowl,40,,dummy,
False,,pheasants,40,,all,
False,,pheasants,40,,dummy,
False,,pigeons,40,,all,
False,,pigeons,40,,dummy,
False,,poultry-other,40,,all,
False,,poultry-other,40,,dummy,
False,,quail,40,,all,
False,,quail,40,,dummy,
False,,rheas,40,,all,
False,,rheas,40,,dummy,
True,True,sheep,40,ignored,all,
True,True,sheep,40,ipf,dummy,85.0
False,,turkeys,40,,all,
False,,turkeys,40,,dummy,
True,True,cattle,41,ignored,all,
True,True,cattle,41,ipf,beef,259.0
True,True,cattle,41,ipf,milk,63.0
True,True,cattle,41,ipf,other,78.0
False,,chukars,41,,all,
False,,chukars,41,,dummy,
False,,ckn-broilers,41,,all,
False,,ckn-broilers,41,,dummy,
True,False,ckn-layers,41,,all,
True,False,ckn-layers,41,,dummy,
False,,ckn-pullets,41,,all,
False,,ckn-pullets,41,,dummy,
False,,ckn-roosters,41,,all,
False,,ckn-roosters,41,,dummy,
False,,ducks,41,,all,
False,,ducks,41,,dummy,
False,,emus,41,,all,
False,,emus,41,,dummy,
False,,geese,41,,all,
False,,geese,41,,dummy,
False,,guineas,41,,all,
False,,guineas,41,,dummy,
True,True,hogs,41,ignored,all,
True,True,hogs,41,ipf,dummy,184.0
False,,peafowl,41,,all,
False,,peafowl,41,,dummy,
False,,pheasants,41,,all,
False,,pheasants,41,,dummy,
False,,pigeons,41,,all,
False,,pigeons,41,,dummy,
False,,poultry-other,41,,all,
False,,poultry-other,41,,dummy,
False,,quail,41,,all,
False,,quail,41,,dummy,
False,,rheas,41,,all,
False,,rheas,41,,dummy,
True,True,sheep,41,ignored,all,
True,True,sheep,41,ipf,dummy,76.0
False,,turkeys,41,,all,
False,,turkeys,41,,dummy,
True,True,cattle,42,ignored,all,
True,True,cattle,42,ipf,beef,30.0
True,True,cattle,42,ipf,milk,116.0
True,True,cattle,42,ipf,other,43.0
False,,chukars,42,,all,
False,,chukars,42,,dummy,
False,,ckn-broilers,42,,all,
False,,ckn-broilers,42,,dummy,
True,False,ckn-layers,42,,all,
True,False,ckn-layers,42,,dummy,
False,,ckn-pullets,42,,all,
False,,ckn-pullets,42,,dummy,
False,,ckn-roosters,42,,all,
False,,ckn-roosters,42,,dummy,
False,,ducks,42,,all,
False,,ducks,42,,dummy,
False,,emus,42,,all,
False,,emus,42,,dummy,
False,,geese,42,,all,
False,,geese,42,,dummy,
False,,guineas,42,,all,
False,,guineas,42,,dummy,
True,True,hogs,42,ignored,all,
True,True,hogs,42,ipf,dummy,256.0
False,,ostriches,42,,all,
False,,ostriches,42,,dummy,
False,,partridges,42,,all,
False,,partridges,42,,dummy,
False,,peafowl,42,,all,
False,,peafowl,42,,dummy,
False,,pheasants,42,,all,
False,,pheasants,42,,dummy,
False,,pigeons,42,,all,
False,,pigeons,42,,dummy,
False,,poultry-other,42,,all,
False,,poultry-other,42,,dummy,
False,,quail,42,,all,
False,,quail,42,,dummy,
False,,rheas,42,,all,
False,,rheas,42,,dummy,
True,True,sheep,42,ignored,all,
True,True,sheep,42,ipf,dummy,53.0
False,,turkeys,42,,all,
False,,turkeys,42,,dummy,
True,True,cattle,44,ignored,all,
True,True,cattle,44,ipf,beef,67.0
True,True,cattle,44,ipf,milk,92.0
True,True,cattle,44,ipf,other,19.0
False,,chukars,44,,all,
False,,chukars,44,,dummy,
False,,ckn-broilers,44,,all,
False,,ckn-broilers,44,,dummy,
True,False,ckn-layers,44,,all,
True,False,ckn-layers,44,,dummy,
False,,ckn-pullets,44,,all,
False,,ckn-pullets,44,,dummy,
False,,ckn-roosters,44,,all,
False,,ckn-roosters,44,,dummy,
False,,ducks,44,,all,
False,,ducks,44,,dummy,
False,,emus,44,,all,
False,,emus,44,,dummy,
False,,geese,44,,all,
False,,geese,44,,dummy,
False,,guineas,44,,all,
False,,guineas,44,,dummy,
True,True,hogs,44,ignored,all,
True,True,hogs,44,ipf,dummy,17.0
False,,peafowl,44,,all,
False,,peafowl,44,,dummy,
False,,pheasants,44,,all,
False,,pheasants,44,,dummy,
False,,pigeons,44,,all,
False,,pigeons,44,,dummy,
False,,quail,44,,all,
False,,quail,44,,dummy,
True,True,sheep,44,ignored,all,
True,True,sheep,44,ipf,dummy,31.0
False,,turkeys,44,,all,
False,,turkeys,44,,dummy,
True,True,cattle,45,ignored,all,
True,True,cattle,45,ipf,beef,140.0
True,True,cattle,45,ipf,milk,3.0
True,True,cattle,45,ipf,other,66.0
False,,chukars,45,,all,
False,,chukars,45,,dummy,
False,,ckn-broilers,45,,all,
False,,ckn-broilers,45,,dummy,
True,False,ckn-layers,45,,all,
True,False,ckn-layers,45,,dummy,
False,,ckn-pullets,45,,all,
False,,ckn-pullets,45,,dummy,
False,,ckn-roosters,45,,all,
False,,ckn-roosters,45,,dummy,
False,,ducks,45,,all,
False,,ducks,45,,dummy,
False,,emus,45,,all,
False,,emus,45,,dummy,
False,,geese,45,,all,
False,,geese,45,,dummy,
False,,guineas,45,,all,
False,,guineas,45,,dummy,
True,True,hogs,45,ignored,all,
True,True,hogs,45,ipf,dummy,501.0
False,,peafowl,45,,all,
False,,peafowl,45,,dummy,
False,,pheasants,45,,all,
False,,pheasants,45,,dummy,
False,,pigeons,45,,all,
False,,pigeons,45,,dummy,
False,,poultry-other,45,,all,
False,,poultry-other,45,,dummy,
False,,quail,45,,all,
False,,quail,45,,dummy,
True,True,sheep,45,ignored,all,
True,True,sheep,45,ipf,dummy,315.0
False,,turkeys,45,,all,
False,,turkeys,45,,dummy,
True,True,cattle,46,ignored,all,
True,True,cattle,46,ipf,beef,21.0
True,True,cattle,46,ipf,milk,21.0
True,True,cattle,46,ipf,other,59.0
False,,chukars,46,,all,
False,,chukars,46,,dummy,
False,,ckn-broilers,46,,all,
False,,ckn-broilers,46,,dummy,
True,False,ckn-layers,46,,all,
True,False,ckn-layers,46,,dummy,
False,,ckn-pullets,46,,all,
False,,ckn-pullets,46,,dummy,
False,,ckn-roosters,46,,all,
False,,ckn-roosters,46,,dummy,
False,,ducks,46,,all,
False,,ducks,46,,dummy,
False,,emus,46,,all,
False,,emus,46,,dummy,
False,,geese,46,,all,
False,,geese,46,,dummy,
False,,guineas,46,,all,
False,,guineas,46,,dummy,
True,True,hogs,46,ignored,all,
True,True,hogs,46,ipf,dummy,105.0
False,,ostriches,46,,all,
False,,ostriches,46,,dummy,
False,,peafowl,46,,all,
False,,peafowl,46,,dummy,
False,,pheasants,46,,all,
False,,pheasants,46,,dummy,
False,,pigeons,46,,all,
False,,pigeons,46,,dummy,
False,,poultry-other,46,,all,
False,,poultry-other,46,,dummy,
False,,quail,46,,all,
False,,quail,46,,dummy,
True,True,sheep,46,ignored,all,
True,True,sheep,46,ipf,dummy,229.0
False,,turkeys,46,,all,
False,,turkeys,46,,dummy,
True,True,cattle,47,ignored,all,
True,True,cattle,47,ipf,beef,12.0
True,True,cattle,47,ipf,milk,96.0
True,True,cattle,47,ipf,other,56.0
False,,chukars,47,,all,
False,,chukars,47,,dummy,
False,,ckn-broilers,47,,all,
False,,ckn-broilers,47,,dummy,
True,False,ckn-layers,47,,all,
True,False,ckn-layers,47,,dummy,
False,,ckn-pullets,47,,all,
False,,ckn-pullets,47,,dummy,
False,,ckn-roosters,47,,all,
False,,ckn-roosters,47,,dummy,
False,,ducks,47,,all,
False,,ducks,47,,dummy,
False,,emus,47,,all,
False,,emus,47,,dummy,
False,,geese,47,,all,
False,,geese,47,,dummy,
False,,guineas,47,,all,
False,,guineas,47,,dummy,
True,True,hogs,47,ignored,all,
True,True,hogs,47,ipf,dummy,434.0
False,,ostriches,47,,all,
False,,ostriches,47,,dummy,
False,,peafowl,47,,all,
False,,peafowl,47,,dummy,
False,,pheasants,47,,all,
False,,pheasants,47,,dummy,
False,,pigeons,47,,all,
False,,pigeons,47,,dummy,
False,,poultry-other,47,,all,
False,,poultry-other,47,,dummy,
False,,quail,47,,all,
False,,quail,47,,dummy,
False,,rheas,47,,all,
False,,rheas,47,,dummy,
True,True,sheep,47,ignored,all,
True,True,sheep,47,ipf,dummy,25.0
False,,turkeys,47,,all,
False,,turkeys,47,,dummy,
True,True,cattle,48,ignored,all,
True,True,cattle,48,ipf,beef,103.0
True,True,cattle,48,ipf,milk,152.0
True,True,cattle,48,ipf,other,31.0
False,,chukars,48,,all,
False,,chukars,48,,dummy,
False,,ckn-broilers,48,,all,
False,,ckn-broilers,48,,dummy,
True,False,ckn-layers,48,,all,
True,False,ckn-layers,48,,dummy,
False,,ckn-pullets,48,,all,
False,,ckn-pullets,48,,dummy,
False,,ckn-roosters,48,,all,
False,,ckn-roosters,48,,dummy,
False,,ducks,48,,all,
False,,ducks,48,,dummy,
False,,emus,48,,all,
False,,emus,48,,dummy,
False,,geese,48,,all,
False,,geese,48,,dummy,
False,,guineas,48,,all,
False,,guineas,48,,dummy,
True,True,hogs,48,ignored,all,
True,True,hogs,48,ipf,dummy,377.0
False,,ostriches,48,,all,
False,,ostriches,48,,dummy,
False,,partridges,48,,all,
False,,partridges,48,,dummy,
False,,peafowl,48,,all,
False,,peafowl,48,,dummy,
False,,pheasants,48,,all,
False,,pheasants,48,,dummy,
False,,pigeons,48,,all,
False,,pigeons,48,,dummy,
False,,poultry-other,48,,all,
False,,poultry-other,48,,dummy,
False,,quail,48,,all,
False,,quail,48,,dummy,
False,,rheas,48,,all,
False,,rheas,48,,dummy,
True,True,sheep,48,ignored,all,
True,True,sheep,48,ipf,dummy,70.0
False,,turkeys,48,,all,
False,,turkeys,48,,dummy,
True,True,cattle,49,ignored,all,
True,True,cattle,49,ipf,beef,73.0
True,True,cattle,49,ipf,milk,141.0
True,True,cattle,49,ipf,other,50.0
False,,chukars,49,,all,
False,,chukars,49,,dummy,
False,,ckn-broilers,49,,all,
False,,ckn-broilers,49,,dummy,
True,False,ckn-layers,49,,all,
True,False,ckn-layers,49,,dummy,
False,,ckn-pullets,49,,all,
False,,ckn-pullets,49,,dummy,
False,,ckn-roosters,49,,all,
False,,ckn-roosters,49,,dummy,
False,,ducks,49,,all,
False,,ducks,49,,dummy,
False,,emus,49,,all,
False,,emus,49,,dummy,
False,,geese,49,,all,
False,,geese,49,,dummy,
False,,guineas,49,,all,
False,,guineas,49,,dummy,
True,True,hogs,49,ignored,all,
True,True,hogs,49,ipf,dummy,212.0
False,,peafowl,49,,all,
False,,peafowl,49,,dummy,
False,,pheasants,49,,all,
False,,pheasants,49,,dummy,
False,,pigeons,49,,all,
False,,pigeons,49,,dummy,
False,,poultry-other,49,,all,
False,,poultry-other,49,,dummy,
False,,quail,49,,all,
False,,quail,49,,dummy,
True,True,sheep,49,ignored,all,
True,True,sheep,49,ipf,dummy,27.0
False,,turkeys,49,,all,
False,,turkeys,49,,dummy,
True,True,cattle,50,ignored,all,
True,True,cattle,50,ipf,beef,26.0
True,True,cattle,50,ipf,milk,77.0
True,True,cattle,50,ipf,other,36.0
False,,ckn-broilers,50,,all,
False,,ckn-broilers,50,,dummy,
True,False,ckn-layers,50,,all,
True,False,ckn-layers,50,,dummy,
False,,ckn-pullets,50,,all,
False,,ckn-pullets,50,,dummy,
False,,ckn-roosters,50,,all,
False,,ckn-roosters,50,,dummy,
False,,ducks,50,,all,
False,,ducks,50,,dummy,
False,,geese,50,,all,
False,,geese,50,,dummy,
False,,guineas,50,,all,
False,,guineas,50,,dummy,
True,True,hogs,50,ignored,all,
True,True,hogs,50,ipf,dummy,143.0
False,,peafowl,50,,all,
False,,peafowl,50,,dummy,
False,,pheasants,50,,all,
False,,pheasants,50,,dummy,
False,,pigeons,50,,all,
False,,pigeons,50,,dummy,
False,,quail,50,,all,
False,,quail,50,,dummy,
True,True,sheep,50,ignored,all,
True,True,sheep,50,ipf,dummy,470.0
False,,turkeys,50,,all,
False,,turkeys,50,,dummy,
True,True,cattle,51,ignored,all,
True,True,cattle,51,ipf,beef,167.0
True,True,cattle,51,ipf,milk,82.0
True,True,cattle,51,ipf,other,68.0
False,,chukars,51,,all,
False,,chukars,51,,dummy,
False,,ckn-broilers,51,,all,
False,,ckn-broilers,51,,dummy,
True,False,ckn-layers,51,,all,
True,False,ckn-layers,51,,dummy,
False,,ckn-pullets,51,,all,
False,,ckn-pullets,51,,dummy,
False,,ckn-roosters,51,,all,
False,,ckn-roosters,51,,dummy,
False,,ducks,51,,all,
False,,ducks,51,,dummy,
False,,emus,51,,all,
False,,emus,51,,dummy,
False,,geese,51,,all,
False,,geese,51,,dummy,
False,,guineas,51,,all,
False,,guineas,51,,dummy,
True,True,hogs,51,ignored,all,
True,True,hogs,51,ipf,dummy,69.0
False,,ostriches,51,,all,
False,,ostriches,51,,dummy,
False,,partridges,51,,all,
False,,partridges,51,,dummy,
False,,peafowl,51,,all,
False,,peafowl,51,,dummy,
False,,pheasants,51,,all,
False,,pheasants,51,,dummy,
False,,pigeons,51,,all,
False,,pigeons,51,,dummy,
False,,poultry-other,51,,all,
False,,poultry-other,51,,dummy,
False,,quail,51,,all,
False,,quail,51,,dummy,
False,,rheas,51,,all,
False,,rheas,51,,dummy,
True,True,sheep,51,ignored,all,
True,True,sheep,51,ipf,dummy,111.0
False,,turkeys,51,,all,
False,,turkeys,51,,dummy,
True,True,cattle,53,ignored,all,
True,True,cattle,53,ipf,beef,501.0
True,True,cattle,53,ipf,milk,114.0
True,True,cattle,53,ipf,other,73.0
False,,chukars,53,,all,
False,,chukars,53,,dummy,
False,,ckn-broilers,53,,all,
False,,ckn-broilers,53,,dummy,
True,False,ckn-layers,53,,all,
True,False,ckn-layers,53,,dummy,
False,,ckn-pullets,53,,all,
False,,ckn-pullets,53,,dummy,
False,,ckn-roosters,53,,all,
False,,ckn-roosters,53,,dummy,
False,,ducks,53,,all,
False,,ducks,53,,dummy,
False,,emus,53,,all,
False,,emus,53,,dummy,
False,,geese,53,,all,
False,,geese,53,,dummy,
False,,guineas,53,,all,
False,,guineas,53,,dummy,
True,True,hogs,53,ignored,all,
True,True,hogs,53,ipf,dummy,273.0
False,,partridges,53,,all,
False,,partridges,53,,dummy,
False,,peafowl,53,,all,
False,,peafowl,53,,dummy,
False,,pheasants,53,,all,
False,,pheasants,53,,dummy,
False,,pigeons,53,,all,
False,,pigeons,53,,dummy,
False,,poultry-other,53,,all,
False,,poultry-other,53,,dummy,
False,,quail,53,,all,
False,,quail,53,,dummy,
True,True,sheep,53,ignored,all,
True,True,sheep,53,ipf,dummy,108.0
False,,turkeys,53,,all,
False,,turkeys,53,,dummy,
True,True,cattle,54,ignored,all,
True,True,cattle,54,ipf,beef,374.0
True,True,cattle,54,ipf,milk,53.0
True,True,cattle,54,ipf,other,62.0
False,,chukars,54,,all,
False,,chukars,54,,dummy,
False,,ckn-broilers,54,,all,
False,,ckn-broilers,54,,dummy,
True,False,ckn-layers,54,,all,
True,False,ckn-layers,54,,dummy,
False,,ckn-pullets,54,,all,
False,,ckn-pullets,54,,dummy,
False,,ckn-roosters,54,,all,
False,,ckn-roosters,54,,dummy,
False,,ducks,54,,all,
False,,ducks,54,,dummy,
False,,emus,54,,all,
False,,emus,54,,dummy,
False,,geese,54,,all,
False,,geese,54,,dummy,
False,,guineas,54,,all,
False,,guineas,54,,dummy,
True,True,hogs,54,ignored,all,
True,True,hogs,54,ipf,dummy,53.0
False,,peafowl,54,,all,
False,,peafowl,54,,dummy,
False,,pheasants,54,,all,
False,,pheasants,54,,dummy,
False,,pigeons,54,,all,
False,,pigeons,54,,dummy,
False,,poultry-other,54,,all,
False,,poultry-other,54,,dummy,
False,,quail,54,,all,
False,,quail,54,,dummy,
True,True,sheep,54,ignored,all,
True,True,sheep,54,ipf,dummy,125.0
False,,turkeys,54,,all,
False,,turkeys,54,,dummy,
True,True,cattle,55,ignored,all,
True,True,cattle,55,ipf,beef,44.0
True,True,cattle,55,ipf,milk,90.0
True,True,cattle,55,ipf,other,54.0
False,,chukars,55,,all,
False,,chukars,55,,dummy,
False,,ckn-broilers,55,,all,
False,,ckn-broilers,55,,dummy,
True,False,ckn-layers,55,,all,
True,False,ckn-layers,55,,dummy,
False,,ckn-pullets,55,,all,
False,,ckn-pullets,55,,dummy,
False,,ckn-roosters,55,,all,
False,,ckn-roosters,55,,dummy,
False,,ducks,55,,all,
False,,ducks,55,,dummy,
False,,emus,55,,all,
False,,emus,55,,dummy,
False,,geese,55,,all,
False,,geese,55,,dummy,
False,,guineas,55,,all,
False,,guineas,55,,dummy,
True,True,hogs,55,ignored,all,
True,True,hogs,55,ipf,dummy,150.0
False,,ostriches,55,,all,
False,,ostriches,55,,dummy,
False,,partridges,55,,all,
False,,partridges,55,,dummy,
False,,peafowl,55,,all,
False,,peafowl,55,,dummy,
False,,pheasants,55,,all,
False,,pheasants,55,,dummy,
False,,pigeons,55,,all,
False,,pigeons,55,,dummy,
False,,poultry-other,55,,all,
False,,poultry-other,55,,dummy,
False,,quail,55,,all,
False,,quail,55,,dummy,
False,,rheas,55,,all,
False,,rheas,55,,dummy,
True,True,sheep,55,ignored,all,
True,True,sheep,55,ipf,dummy,32.0
False,,turkeys,55,,all,
False,,turkeys,55,,dummy,
True,True,cattle,56,ignored,all,
True,True,cattle,56,ipf,beef,14.0
True,True,cattle,56,ipf,milk,29.0
True,True,cattle,56,ipf,other,9.0
False,,chukars,56,,all,
False,,chukars,56,,dummy,
False,,ckn-broilers,56,,all,
False,,ckn-broilers,56,,dummy,
True,False,ckn-layers,56,,all,
True,False,ckn-layers,56,,dummy,
False,,ckn-pullets,56,,all,
False,,ckn-pullets,56,,dummy,
False,,ckn-roosters,56,,all,
False,,ckn-roosters,56,,dummy,
False,,ducks,56,,all,
False,,ducks,56,,dummy,
False,,emus,56,,all,
False,,emus,56,,dummy,
False,,geese,56,,all,
False,,geese,56,,dummy,
False,,guineas,56,,all,
False,,guineas,56,,dummy,
True,True,hogs,56,ignored,all,
True,True,hogs,56,ipf,dummy,2.0
False,,partridges,56,,all,
False,,partridges,56,,dummy,
False,,peafowl,56,,all,
False,,peafowl,56,,dummy,
False,,pheasants,56,,all,
False,,pheasants,56,,dummy,
False,,pigeons,56,,all,
False,,pigeons,56,,dummy,
False,,poultry-other,56,,all,
False,,poultry-other,56,,dummy,
False,,quail,56,,all,
False,,quail,56,,dummy,
True,True,sheep,56,ignored,all,
True,True,sheep,56,ipf,dummy,43.0
False,,turkeys,56,,all,
False,,turkeys,56,,dummy,
